Year,President,Party,but_CC,or_CC,nor_CC,without_IN,unless_IN,although_IN,except_IN,terrible_JJ,afraid_JJ,disappointed_JJ,weak_JJ,crazy_JJ,lonely_JJ,suspicious_JJ,inadequate_JJ,worthless_JJ,vain_JJ,dumb_JJ,ignorant_JJ,inferior_JJ,boring_JJ,action_NN,fear_NN,enemy_NN,loss_NN,greed_NN,tragedy_NN,anger_NN,jerk_NN,hated_NN,agony_NN,anguish_NN,lies_NNS,my_PP$,me_PPO,myself_PPL,mine_PP$$,i_PPSS,i'm_PPSS,i've_PPSS,i'll_PPSS,i'd_PPSS,rather_RB,however_RB,besides_RB,sorry_UH,go_VB,take_VB,look_VB,lead_VB,move_VB,run_VB,walk_VB,drive_VB,follow_VB,carry_VB,hate_VB,lie_VB,abandon_VB,arrive_VB,despise_VB,dislike_VB,moved_VBD,followed_VBD,flew_VBD,lied_VBD,going_VBG,taking_VBG,bringing_VBG,carrying_VBG,driven_VBN,arrived_VBN,fled_VBN,goes_VBZ,hates_VBZ,arrives_VBZ,win/loss
1992,clinton920416.txt,Democrat,19,11,0,3,2,1,0,0,0,0,0,0,0,0,0,0,0,0,0,0,0,0,0,0,2,0,0,0,0,0,0,0,0,9,6,0,1,21,1,5,0,0,2,0,0,0,7,2,2,2,0,1,0,0,1,0,0,0,0,0,0,0,0,0,0,0,7,0,2,0,0,0,0,0,0,0,1
1992,clinton920422.txt,Democrat,25,12,0,1,0,0,2,0,1,0,0,0,0,0,0,0,0,0,0,0,0,0,0,0,0,0,0,0,0,0,0,0,0,6,22,0,0,50,10,0,3,1,1,0,0,0,20,1,9,0,2,1,0,0,0,0,3,0,0,0,0,0,1,0,0,0,16,0,1,0,0,0,0,1,0,0,1
1992,clinton920716.txt,Democrat,41,17,2,6,0,0,0,0,0,0,0,0,0,0,0,0,0,0,0,0,0,1,0,0,0,1,2,0,0,0,0,0,0,31,15,0,0,90,2,1,2,0,0,0,0,0,5,6,3,3,0,1,0,1,0,0,0,0,1,0,0,0,0,0,0,0,8,0,1,0,0,0,0,1,0,0,1
1992,clinton920814.txt,Democrat,7,5,0,1,0,0,0,0,0,0,0,0,0,0,0,0,0,0,0,0,0,1,0,0,0,0,0,0,0,0,0,0,0,5,1,0,0,6,0,0,0,0,3,0,0,0,1,1,0,1,0,0,0,0,0,1,0,0,0,0,0,0,0,0,0,0,0,0,0,0,0,0,0,0,0,0,1
1992,clinton921002.txt,Democrat,7,0,0,1,0,0,0,0,0,1,0,0,0,0,0,0,0,0,0,0,0,2,0,0,0,0,0,0,0,0,0,0,0,1,0,0,0,10,0,0,0,0,1,0,0,0,0,0,1,0,1,1,0,0,0,0,0,0,0,0,0,0,0,0,0,0,0,0,0,0,0,0,0,0,0,0,1
1994,clinton930217.txt,Democrat,41,19,0,2,5,0,1,0,0,0,0,0,0,0,1,0,0,0,0,0,0,0,1,0,0,0,0,1,0,0,1,0,0,9,21,0,0,104,0,1,2,2,0,0,0,0,7,6,3,1,2,3,0,3,0,0,0,0,0,0,0,0,0,0,0,0,10,2,1,0,0,0,0,1,0,0,1
1994,clinton930430.txt,Democrat,66,37,0,6,6,0,1,0,0,0,0,0,0,0,1,0,0,0,0,0,0,2,1,0,0,0,0,1,0,0,1,0,0,23,31,1,0,167,3,10,2,5,0,1,0,0,12,12,5,3,2,4,0,5,1,0,0,0,0,0,0,0,0,0,0,0,30,3,1,0,2,0,0,4,0,0,1
1994,clinton940125.txt,Democrat,40,18,1,11,3,1,1,0,1,0,0,0,0,0,0,0,0,0,0,0,0,2,2,0,1,0,1,0,0,0,0,0,0,14,12,0,0,85,2,1,0,2,0,0,0,0,7,11,4,0,4,1,4,0,0,1,0,0,0,0,0,0,0,0,0,0,6,1,1,1,0,0,0,1,0,0,1
1994,clinton940201.txt,Democrat,19,11,0,4,2,1,1,0,0,0,0,0,0,0,0,0,0,0,0,0,0,0,0,0,1,0,0,0,0,0,0,0,0,1,5,0,0,49,4,0,0,0,0,0,1,0,8,7,2,0,2,1,0,0,0,0,0,0,0,0,0,0,0,0,0,0,8,2,0,0,0,0,0,1,0,0,1
1994,clinton940315.txt,Democrat,57,28,0,2,0,0,0,0,2,0,0,0,0,0,0,0,0,0,0,0,0,1,1,0,1,0,0,0,0,0,0,0,0,21,24,3,1,145,28,9,4,3,0,1,0,0,17,6,1,0,2,7,1,0,0,0,0,0,0,0,0,0,0,0,0,0,39,1,0,0,0,0,0,0,0,0,1
1994,clinton940801.txt,Democrat,7,6,0,3,1,0,2,0,0,0,0,1,0,0,0,0,0,0,0,0,0,0,0,0,0,0,0,0,0,0,0,0,0,6,5,0,0,40,1,0,0,0,0,1,0,0,2,5,0,0,1,0,0,0,0,0,1,0,0,0,0,0,0,0,0,0,9,0,0,0,0,0,0,0,0,0,1
1994,clinton941019.txt,Democrat,28,11,0,0,1,0,2,0,1,0,0,0,0,0,0,0,0,0,0,0,0,0,0,1,0,0,0,0,0,0,0,0,0,5,11,0,1,94,6,3,2,0,1,0,0,0,7,4,9,0,3,0,1,0,1,0,0,0,0,0,0,0,0,0,0,0,12,0,0,0,0,0,0,0,0,0,1
1994,clinton941209.txt,Democrat,11,1,0,1,0,0,1,0,0,0,0,0,0,0,0,0,0,0,0,0,0,0,1,0,0,0,0,0,0,0,0,0,0,3,6,0,0,20,0,1,1,0,0,0,0,0,1,4,1,2,2,1,1,0,1,0,0,1,0,0,0,0,0,0,0,0,4,3,0,0,0,0,0,0,0,0,1
1994,clinton950110.txt,Democrat,30,16,0,2,1,2,0,0,0,0,0,0,0,0,0,0,0,0,0,0,0,4,0,0,0,0,0,0,0,0,0,0,0,8,12,0,0,76,4,2,0,2,0,0,0,0,6,7,0,0,1,0,0,0,0,0,0,0,0,0,0,0,0,0,0,0,9,1,0,1,0,0,0,0,0,0,1
1994,clinton950113.txt,Democrat,25,6,2,1,1,0,0,3,0,0,0,0,0,0,0,0,0,0,0,0,0,0,1,0,0,0,0,0,0,0,0,0,0,2,4,0,0,34,2,0,0,0,0,0,0,0,2,3,3,4,2,1,1,0,0,0,0,0,0,0,0,0,1,0,0,0,1,0,1,0,0,0,0,0,0,0,1
1994,clinton950121.txt,Democrat,33,11,0,2,1,0,0,1,1,0,0,0,0,0,0,0,0,0,0,0,0,0,0,1,0,0,0,0,0,0,0,0,0,5,11,0,0,98,5,6,4,3,0,0,0,0,14,3,3,0,3,1,0,1,0,1,0,0,0,0,0,0,0,0,1,0,5,0,0,1,0,0,0,0,0,0,1
1994,clinton950124.txt,Democrat,62,31,0,9,1,0,0,0,0,0,0,1,0,0,0,0,0,0,0,0,0,3,1,1,0,0,0,0,0,0,0,0,0,12,11,0,0,112,7,5,6,2,1,0,0,0,16,5,5,2,6,2,0,0,0,4,0,0,0,0,0,0,2,0,0,0,9,2,1,0,0,0,0,0,0,0,1
1994,clinton951130.txt,Democrat,15,4,0,1,0,0,0,1,0,0,0,0,0,0,0,0,0,0,0,0,0,0,1,0,0,0,0,0,0,0,0,0,0,6,4,0,0,29,1,0,0,1,1,1,0,0,3,1,1,0,2,0,3,0,0,0,0,1,0,0,0,0,0,0,0,0,1,0,0,0,0,0,0,0,0,0,1
1996,clinton960202.txt,Democrat,32,21,0,3,0,0,0,0,0,0,0,0,0,0,0,0,0,0,0,0,0,0,0,0,0,0,0,0,0,0,0,0,0,9,20,1,0,120,3,4,1,1,0,0,0,1,25,3,8,1,3,2,0,1,1,0,0,0,0,0,0,0,3,0,0,0,15,1,0,0,0,0,0,1,0,0,1
1996,clinton960211.txt,Democrat,34,26,0,1,2,0,0,0,0,0,4,0,0,0,0,0,0,1,0,0,0,0,1,0,0,0,0,0,0,0,0,0,0,16,23,1,0,86,4,8,3,0,0,0,0,0,7,3,7,3,4,1,3,1,0,0,1,0,0,0,0,0,2,0,0,0,16,0,1,0,0,0,0,1,0,0,1
1996,clinton960216.txt,Democrat,18,14,0,1,1,0,0,0,0,0,3,0,0,0,0,0,0,0,0,0,0,0,0,0,0,0,1,0,0,0,0,0,0,12,12,1,0,92,5,5,1,2,0,0,0,0,5,1,4,0,1,1,0,0,0,0,0,0,0,0,0,0,3,0,0,0,13,1,0,0,0,0,0,0,0,0,1
1996,clinton960217.txt,Democrat,27,3,1,1,1,0,0,0,1,0,1,0,0,0,0,0,0,0,0,0,0,0,0,0,0,0,0,0,0,0,0,0,0,11,14,0,1,84,3,0,2,1,2,0,0,0,10,2,6,1,0,1,2,0,0,0,1,0,0,0,0,0,2,0,0,0,7,0,1,0,1,0,0,1,0,0,1
1996,clinton960304.txt,Democrat,22,15,0,1,0,0,0,1,0,0,0,0,0,0,0,0,0,0,0,0,0,0,0,0,0,0,0,0,0,0,0,0,0,11,20,0,0,61,5,1,0,1,0,0,0,0,13,6,5,0,4,0,0,0,0,0,0,0,0,0,0,0,2,0,0,0,13,1,1,0,2,0,0,0,0,0,1
1996,clinton960429.txt,Democrat,32,10,0,1,3,2,0,0,0,0,0,0,0,0,0,0,0,0,0,0,0,1,0,0,0,0,0,0,0,0,0,0,0,4,11,0,0,81,3,3,3,0,0,0,0,0,12,7,4,1,4,4,2,0,1,1,0,0,0,0,0,0,1,0,0,0,10,0,0,0,2,0,0,0,0,0,1
1996,clinton960517.txt,Democrat,9,1,0,1,1,0,0,0,0,0,0,0,0,0,0,0,0,0,0,0,0,0,0,0,0,0,0,0,0,0,0,0,0,3,4,0,0,12,2,0,1,0,0,0,0,0,2,0,0,1,0,0,0,0,0,0,0,0,0,0,0,0,0,0,0,0,0,1,0,0,0,0,0,0,0,0,1
1996,clinton960523.txt,Democrat,7,2,0,0,0,0,0,0,0,0,0,0,0,0,0,0,0,0,0,0,0,0,0,0,0,0,0,0,0,0,0,0,0,5,4,0,0,22,0,0,0,0,0,0,0,0,2,1,2,1,0,1,0,0,0,0,1,0,0,0,0,0,1,0,0,0,2,1,1,0,0,1,0,0,0,0,1
1996,clinton960609.txt,Democrat,8,8,0,0,0,0,0,1,0,0,0,0,0,0,0,0,0,0,0,0,0,0,0,0,0,0,0,0,0,0,0,0,0,4,5,0,0,62,6,1,0,0,0,0,0,0,4,4,6,0,3,0,2,0,0,0,0,0,0,0,0,0,0,0,0,0,7,0,0,0,1,0,0,0,0,0,1
1996,clinton960610.txt,Democrat,8,3,0,1,0,0,1,1,0,0,0,0,0,0,0,0,0,0,0,0,0,0,0,0,0,0,0,0,0,0,0,0,0,3,8,0,0,32,3,1,0,2,0,0,0,0,0,1,0,0,1,0,0,0,1,0,0,0,0,0,0,0,0,0,0,0,1,0,0,0,0,0,0,0,0,0,1
1996,clinton960710.txt,Democrat,12,6,0,0,1,0,0,0,0,0,0,0,0,0,0,0,0,0,0,0,0,0,1,0,1,0,0,0,0,0,0,0,0,7,6,0,0,73,5,1,1,2,0,1,0,0,11,2,4,0,3,0,0,1,0,0,0,0,0,0,0,0,0,0,0,0,7,0,0,0,0,0,0,0,0,0,1
1996,clinton960723.txt,Democrat,21,14,0,0,1,0,0,2,0,0,0,0,0,1,0,0,0,0,0,0,0,1,0,0,0,0,0,1,0,0,0,0,0,6,7,0,0,55,4,2,1,2,0,0,0,0,6,3,5,0,5,1,0,0,0,0,0,0,0,0,0,0,0,0,0,0,10,0,0,0,0,0,0,0,0,0,1
1996,clinton960826.txt,Democrat,37,24,0,6,0,0,0,3,0,0,0,0,0,0,0,0,0,0,0,0,0,0,0,0,0,0,0,0,0,0,0,0,0,30,17,1,1,114,7,1,1,0,0,0,0,0,9,8,8,2,0,1,3,0,0,1,2,0,0,0,0,0,0,0,0,0,9,1,0,0,0,0,0,0,0,0,1
1996,clinton960906.txt,Democrat,16,14,0,1,2,0,3,0,0,0,0,0,0,0,0,0,0,0,0,0,1,0,0,0,0,0,0,0,0,0,0,0,0,3,14,0,0,60,3,3,2,0,0,0,0,0,10,3,7,0,2,3,0,0,0,1,0,0,0,0,0,0,3,0,0,0,12,0,1,0,0,0,0,1,0,0,1
1996,clinton960929.txt,Democrat,37,24,0,6,0,0,0,3,0,0,0,0,0,0,0,0,0,0,0,0,0,0,0,0,0,0,0,0,0,0,0,0,0,30,18,1,1,114,6,1,1,0,0,0,0,0,9,8,9,2,0,1,3,0,0,1,2,0,0,0,0,0,0,0,0,0,9,1,0,0,0,0,0,0,0,0,1
1996,dole960203.txt,Republican,3,1,0,0,1,0,0,0,0,0,0,0,0,0,0,0,0,0,0,0,0,0,0,0,0,0,0,0,0,0,0,0,0,1,0,0,0,5,0,0,0,0,0,0,0,0,0,0,0,0,0,0,0,0,0,0,0,0,0,0,0,0,0,0,0,0,0,0,0,0,0,0,0,0,0,0,0
1996,dole960217.txt,Republican,8,7,0,2,0,0,0,0,0,0,0,0,0,0,0,0,0,0,0,0,0,0,0,0,0,0,0,0,0,0,0,0,0,2,2,0,0,26,1,0,0,0,2,1,0,0,5,3,1,4,0,0,0,0,0,0,0,0,0,0,0,0,0,0,0,0,0,1,0,0,0,0,0,0,0,0,0
1996,dole960222.txt,Republican,8,6,0,2,0,0,0,0,0,0,0,0,0,0,0,0,0,0,0,0,0,0,0,0,0,0,0,0,0,0,0,0,0,2,2,0,0,26,1,0,0,0,2,1,0,0,5,3,1,4,0,0,0,0,0,0,0,0,0,0,0,0,0,0,0,0,0,1,0,0,0,0,0,0,0,0,0
1996,dole960227.txt,Republican,19,14,1,1,1,0,0,0,0,0,0,0,0,0,0,0,0,0,0,0,0,1,0,0,0,0,0,0,0,0,0,0,0,16,7,0,0,70,7,7,1,0,0,0,0,0,3,8,1,0,0,2,1,0,0,1,0,0,0,0,0,0,0,0,0,0,23,1,0,0,0,0,0,1,0,0,0
1996,dole960229.txt,Republican,16,11,0,0,3,0,0,0,0,0,0,0,0,0,0,0,0,0,0,0,0,0,0,0,0,0,0,0,0,0,0,0,0,14,6,0,0,43,17,8,5,1,0,0,0,1,1,2,3,0,0,2,0,1,0,0,0,0,0,0,0,0,0,0,0,0,18,0,0,0,0,0,0,0,0,0,0
1996,dole960419.txt,Republican,27,21,1,2,1,0,0,0,0,0,0,0,0,1,0,0,0,0,0,0,0,1,1,0,0,0,0,0,0,0,0,0,0,9,6,0,0,73,9,4,1,1,0,0,0,3,5,3,1,0,0,3,0,2,0,0,0,0,0,0,0,0,0,0,0,0,1,0,0,0,1,0,0,1,0,0,0
1996,dole960515.txt,Republican,7,3,0,1,0,0,1,0,0,0,0,0,0,0,0,0,0,0,0,0,0,0,0,0,0,0,0,0,0,0,0,0,0,16,5,0,0,30,1,1,1,0,1,0,0,0,1,0,1,0,0,1,1,0,0,0,0,0,0,0,0,0,0,0,0,0,0,0,0,0,0,0,0,0,0,0,0
1996,dole960521.txt,Republican,25,13,0,2,1,0,0,0,0,0,0,0,0,0,0,0,0,0,0,0,0,1,1,1,0,0,0,0,0,0,1,0,0,7,9,0,0,34,2,3,1,0,0,2,0,2,3,5,0,2,0,2,0,0,0,0,0,0,0,0,0,0,0,0,0,0,3,2,0,0,0,0,0,0,0,0,0
1996,dole960528.txt,Republican,13,7,0,3,0,0,0,0,0,0,0,0,0,1,0,0,0,0,0,0,0,0,2,0,0,0,0,0,0,0,0,0,0,3,6,0,0,32,7,1,3,0,0,0,0,0,1,2,1,0,0,1,0,0,0,0,0,0,0,0,0,0,0,0,0,0,8,0,2,0,0,0,0,2,1,0,0
1996,dole960601.txt,Republican,23,5,0,4,0,0,0,0,1,0,1,0,0,1,0,0,0,0,0,0,0,0,0,0,0,0,0,0,0,0,0,0,0,19,15,3,0,95,14,15,5,1,1,0,1,0,1,3,1,0,1,3,0,0,0,1,0,0,0,0,0,0,0,1,0,0,16,0,2,0,0,0,0,0,0,0,0
1996,dole960603.txt,Republican,21,5,0,1,1,0,1,0,0,0,0,0,0,0,0,0,0,0,0,0,0,2,0,0,0,0,0,0,0,0,0,0,0,9,10,1,0,60,11,5,0,0,0,0,0,0,3,3,1,0,0,0,0,0,0,0,0,0,0,0,0,0,0,0,0,0,3,0,0,0,0,0,0,2,0,0,0
1996,dole960717.txt,Republican,15,10,0,1,0,0,0,0,0,0,0,0,0,0,0,0,0,0,0,0,0,1,0,0,1,0,0,0,0,0,0,0,0,6,7,0,0,49,9,0,0,0,0,0,0,0,3,3,1,0,0,4,0,0,0,1,0,0,0,1,0,0,0,0,0,0,3,0,0,0,0,0,0,0,0,0,0
1996,dole960815.txt,Republican,27,24,0,9,0,0,0,1,0,0,0,0,0,0,0,0,0,0,0,0,0,2,1,1,0,0,0,0,0,0,0,0,2,40,18,3,0,150,7,0,0,0,3,0,0,0,3,7,5,2,0,2,2,1,2,0,0,0,1,0,0,0,1,0,0,0,2,3,0,0,0,1,0,1,0,1,0
1996,dole960818.txt,Republican,11,5,0,0,1,0,0,0,0,0,0,0,0,0,0,0,0,0,0,0,0,0,0,1,0,0,0,0,0,0,0,0,0,7,9,0,0,42,11,4,2,0,0,0,0,0,4,5,3,0,1,0,0,0,0,3,0,0,0,0,0,0,0,0,0,0,27,0,0,0,0,0,0,0,0,0,0
1996,dole960827.txt,Republican,12,21,0,3,1,0,0,0,0,0,0,0,0,0,0,0,0,0,0,0,0,1,0,0,0,0,0,0,0,0,0,0,0,7,5,0,0,35,5,0,0,0,0,0,0,0,4,4,0,2,0,4,0,0,0,3,0,0,0,0,0,0,0,0,0,0,33,1,0,1,0,0,0,1,0,0,0
1996,dole960916.txt,Republican,36,18,0,1,1,0,0,2,1,0,0,0,0,2,0,0,0,0,0,0,0,6,1,0,0,0,1,0,0,0,0,0,0,17,14,0,0,63,13,2,2,0,0,0,0,1,13,8,1,1,1,3,2,0,0,1,0,0,0,0,0,0,0,1,0,0,24,4,0,0,0,0,0,1,0,0,0
1996,dole961001.txt,Republican,19,9,0,0,1,0,1,0,0,0,0,0,0,0,0,0,0,0,0,0,0,0,0,0,0,0,0,0,0,0,0,0,0,10,12,1,1,42,7,2,6,0,1,0,0,0,2,8,3,0,1,0,0,0,1,1,0,0,0,0,0,0,1,0,0,0,31,2,0,0,0,0,0,0,0,0,0
1996,dole961010.txt,Republican,9,8,0,0,1,0,0,0,0,0,0,0,0,0,0,0,0,0,0,0,0,0,1,0,0,0,0,0,0,0,0,0,0,5,0,0,0,29,0,3,0,1,0,0,0,0,0,5,0,0,0,0,0,0,0,1,0,0,0,0,0,0,0,0,0,0,25,1,0,0,0,0,0,0,0,0,0
1996,dole961011.txt,Republican,22,11,0,1,1,0,0,0,0,0,0,0,0,0,0,0,0,0,0,0,0,0,4,0,0,0,0,0,0,0,0,0,0,11,11,0,0,61,17,6,4,0,0,0,0,1,2,7,0,0,0,0,0,0,0,1,0,0,0,0,0,1,0,0,0,0,28,1,0,0,0,1,0,0,0,0,0
1996,dole961031.txt,Republican,18,5,0,1,0,0,0,0,0,0,0,0,0,0,0,0,0,0,0,0,0,0,2,0,0,0,0,0,0,0,0,0,0,16,9,0,0,70,7,7,5,0,0,0,0,0,12,7,0,0,0,0,0,0,0,0,0,0,0,0,0,0,0,0,0,0,28,2,0,0,0,0,0,1,0,0,0
1996,dole961105.txt,Republican,16,10,0,0,0,0,0,0,0,0,0,0,0,0,0,0,0,0,0,0,0,0,0,0,0,0,0,0,0,0,0,0,0,5,6,0,0,38,6,3,1,1,1,0,0,0,1,1,2,0,0,0,0,0,0,0,0,0,0,0,0,0,0,0,0,0,14,0,0,0,0,0,0,0,0,0,0
2000,bush000306.txt,Republican,4,4,0,1,0,0,0,0,0,0,0,0,0,0,0,0,0,0,0,0,0,0,0,1,0,0,0,0,0,0,0,0,0,1,0,0,0,3,0,0,0,0,0,0,0,0,0,0,0,0,0,0,0,0,0,0,3,0,0,0,0,0,0,0,0,0,0,0,0,0,0,0,0,0,0,0,1
2000,bush000307.txt,Republican,4,1,0,0,0,0,0,0,0,0,1,0,0,0,0,0,0,0,0,0,0,0,0,0,0,0,0,0,0,0,0,0,0,1,3,0,0,23,2,0,0,0,0,0,0,0,0,1,1,1,0,0,0,0,0,0,0,0,0,0,0,0,0,0,0,0,2,0,0,0,0,0,0,0,0,0,1
2000,bush000314.txt,Republican,4,1,0,0,0,0,0,0,0,0,0,0,0,0,0,0,0,0,0,0,0,0,1,0,0,0,0,0,0,0,0,0,0,4,1,0,1,19,0,0,0,1,0,0,0,0,0,1,0,0,0,0,0,0,0,0,0,0,0,0,0,0,0,0,0,0,0,0,0,0,0,0,0,0,0,0,1
2000,bush000608.txt,Republican,3,3,0,0,0,0,0,0,0,0,0,0,0,0,0,0,0,0,0,0,0,0,0,0,0,0,0,0,0,0,0,0,0,2,0,0,0,15,0,0,0,0,0,0,0,0,2,0,1,0,0,0,0,0,1,0,0,0,0,0,0,0,0,0,0,0,0,0,0,0,0,0,0,1,0,0,1
2000,bush000710.txt,Republican,14,8,0,1,0,0,0,0,0,0,0,0,0,0,0,0,0,0,0,0,0,0,0,0,0,0,0,0,0,0,0,0,0,14,3,0,0,20,9,5,2,0,0,0,0,0,4,1,0,0,1,0,0,0,0,0,0,0,0,0,0,0,0,0,0,0,1,0,0,0,0,0,0,0,0,0,1
2000,bush000803.txt,Republican,41,10,0,6,0,0,0,1,0,0,0,0,0,0,0,1,0,0,0,0,0,1,4,0,0,0,0,0,0,0,0,0,0,27,19,1,0,116,4,5,0,1,1,0,0,0,7,5,4,5,0,0,1,1,0,1,0,0,0,0,0,0,1,0,0,0,2,0,0,0,0,0,0,1,0,0,1
2000,bush000825.txt,Republican,4,0,0,0,0,0,0,0,0,0,0,0,0,0,0,0,0,0,0,0,0,0,0,0,0,0,0,0,0,0,0,0,0,2,0,0,0,7,0,0,0,0,0,0,0,0,0,0,2,0,0,1,0,0,0,0,0,0,0,0,0,0,0,0,0,0,0,0,0,0,0,0,0,0,0,0,1
2000,bush001024.txt,Republican,15,1,0,1,0,0,0,0,1,0,0,0,0,0,0,0,0,0,0,0,0,0,0,0,0,0,0,0,0,0,0,0,0,3,4,0,0,35,3,2,0,0,0,0,0,0,3,3,0,1,0,0,0,0,0,0,0,0,0,0,0,0,0,0,0,0,26,0,0,0,0,0,0,0,0,0,1
2000,bush001102.txt,Republican,5,1,0,1,0,0,0,0,2,0,0,0,0,0,0,0,0,0,0,0,0,0,0,0,0,0,0,0,0,0,0,0,0,3,0,0,0,22,10,0,0,0,0,0,0,0,3,0,1,0,0,0,0,0,0,0,0,0,0,0,0,0,0,0,0,0,11,0,0,0,0,0,0,0,0,0,1
2000,bush001103.txt,Republican,19,4,1,0,0,0,0,0,0,0,0,0,0,0,1,0,0,0,0,0,0,0,0,0,0,0,0,0,0,0,0,0,2,15,8,0,0,50,9,3,1,0,0,1,0,0,1,2,2,3,2,1,0,0,0,2,0,0,0,0,0,0,0,0,0,0,8,0,0,0,0,0,0,0,0,0,1
2000,gore000210.txt,Democrat,4,7,0,0,0,0,0,0,0,0,0,0,0,0,0,0,0,0,0,0,0,2,0,0,0,0,0,0,0,0,0,0,0,2,2,0,0,16,0,0,0,2,0,0,0,0,1,1,1,0,0,0,0,0,0,0,0,0,0,0,0,0,0,0,0,0,1,1,0,0,0,0,0,0,0,0,0
2000,gore000327.txt,Democrat,14,5,0,1,2,1,0,0,0,0,0,0,0,0,0,0,0,0,0,0,0,0,0,0,0,0,0,0,0,0,0,0,0,18,12,0,0,64,2,1,0,0,2,1,0,0,1,3,0,1,0,0,2,0,1,1,0,0,0,0,0,0,0,0,0,0,0,0,0,0,0,0,0,0,0,0,0
2000,gore000428.txt,Democrat,3,2,0,3,0,0,0,0,0,0,0,0,0,0,0,0,0,0,0,0,0,0,0,0,0,0,0,0,0,0,0,0,0,2,1,0,0,6,0,0,0,0,0,0,0,0,0,0,0,0,0,0,0,0,0,0,0,0,0,0,0,0,0,0,0,0,0,0,0,0,0,0,0,0,0,0,0
2000,gore000505.txt,Democrat,13,8,0,5,0,0,0,0,0,0,0,0,0,0,0,0,0,0,0,0,0,0,1,0,0,0,0,0,0,0,0,0,0,10,7,0,0,57,0,0,0,0,0,0,0,0,2,6,2,1,1,0,0,0,0,0,0,0,0,0,0,0,0,1,0,0,1,2,0,0,0,0,0,0,0,0,0
2000,gore000609.txt,Democrat,1,3,0,3,0,0,0,0,0,0,0,0,0,0,0,0,0,0,0,0,0,0,0,0,0,0,0,0,0,0,0,0,0,1,2,0,0,5,2,3,1,0,0,0,0,0,0,1,1,0,0,0,0,0,2,0,0,0,0,0,0,0,0,0,0,0,3,1,0,0,0,0,0,0,0,0,0
2000,gore000613.txt,Democrat,9,5,0,2,0,0,0,0,1,0,0,0,0,0,0,0,0,0,0,0,0,2,0,0,0,0,0,0,0,0,0,0,0,5,5,0,0,36,1,0,2,0,1,0,0,0,3,6,1,0,1,1,0,1,0,0,0,0,0,0,0,0,0,0,0,0,3,0,0,0,0,0,0,0,0,0,0
2000,gore000705.txt,Democrat,18,2,0,2,0,0,0,0,0,0,0,0,0,0,0,0,0,0,0,0,0,0,0,0,0,0,0,0,0,0,0,0,0,3,14,0,0,43,3,0,5,0,1,0,0,0,3,7,0,2,3,0,0,0,0,0,0,0,0,0,0,0,0,0,0,0,5,0,0,0,0,0,0,1,0,0,0
2000,gore000816.txt,Democrat,35,16,1,3,0,0,0,0,0,0,0,0,0,0,0,0,1,0,0,0,0,1,1,0,0,0,1,0,0,0,0,0,0,32,24,0,0,127,13,15,7,0,0,0,0,0,11,2,0,1,2,2,0,3,0,0,1,0,0,0,0,0,2,0,0,0,2,0,0,1,0,0,0,1,0,0,0
2000,gore000906.txt,Democrat,1,5,0,0,0,0,0,0,0,0,0,0,0,0,0,0,0,0,0,0,0,0,0,0,0,0,0,0,0,0,0,0,1,1,2,0,0,6,4,0,1,0,1,0,0,0,2,3,0,0,0,0,0,1,0,0,0,0,0,0,0,0,0,0,0,0,1,0,0,0,0,0,0,0,0,0,0
2000,gore001024.txt,Democrat,9,13,0,1,0,0,0,0,2,1,0,0,0,0,0,0,0,0,0,0,0,2,0,0,0,0,0,0,0,0,0,0,0,8,7,0,0,43,10,1,4,0,0,0,0,0,2,3,0,0,0,0,0,0,0,0,0,0,0,0,0,0,0,0,0,0,1,1,0,0,0,0,0,0,0,0,0
2002,bush010120.txt,Republican,12,5,1,1,0,0,0,0,0,0,0,0,0,0,0,0,0,0,0,0,0,0,0,0,0,0,0,0,0,0,0,0,0,3,1,0,0,11,0,0,0,0,0,1,0,0,0,0,0,3,1,1,0,0,2,1,0,0,0,0,0,0,0,0,0,0,0,1,0,0,0,1,0,1,0,0,1
2002,bush010219.txt,Republican,8,1,0,0,0,0,0,0,0,0,0,0,0,0,0,0,0,0,0,0,0,0,0,0,2,0,3,0,0,0,0,0,0,0,0,0,0,8,0,1,0,0,0,0,0,0,0,1,2,0,0,0,0,0,0,0,0,1,0,0,0,0,0,0,0,0,1,0,0,0,0,0,0,0,0,0,1
2002,bush010226.txt,Republican,0,1,0,0,0,0,0,0,0,0,0,0,0,0,0,0,0,0,0,0,0,0,0,0,0,0,0,0,0,0,0,0,0,2,1,0,0,10,2,1,0,0,0,0,0,0,0,0,4,0,0,1,0,0,0,0,0,0,0,0,0,0,0,0,0,0,2,0,0,0,0,0,0,0,0,0,1
2002,bush010326.txt,Republican,16,10,0,0,0,0,0,0,0,0,0,0,0,0,0,0,0,0,0,0,0,0,0,0,0,0,0,0,0,0,0,0,0,12,13,0,0,67,13,5,0,3,0,0,1,0,4,3,2,0,0,1,0,0,0,0,0,1,0,0,0,0,0,0,1,0,8,0,1,0,0,0,0,1,0,0,1
2002,bush010524.txt,Republican,14,1,0,0,0,0,0,0,0,0,0,0,0,0,0,0,0,0,0,0,0,0,1,0,1,0,0,0,0,0,0,0,0,11,4,0,2,36,6,3,0,1,0,0,0,0,0,1,1,0,0,1,1,0,0,0,0,0,0,0,0,0,0,0,0,0,4,0,0,0,0,0,0,1,0,0,1
2002,bush011017.txt,Republican,12,6,1,0,0,0,0,0,0,0,0,0,0,0,0,0,1,0,0,0,0,0,0,3,0,0,0,0,0,0,0,0,1,4,0,0,0,24,5,0,0,0,0,0,0,0,1,2,0,0,0,0,0,0,0,0,1,0,0,0,0,0,0,0,0,0,2,0,0,0,0,0,0,0,0,0,1
2002,bush020129.txt,Republican,8,8,0,2,1,0,0,0,0,0,1,0,0,0,0,0,0,0,0,0,0,4,1,2,1,0,2,0,0,0,0,0,0,13,4,0,0,30,1,2,0,1,0,0,0,0,3,2,3,3,0,1,0,1,0,0,0,0,0,0,0,0,0,0,0,0,1,0,0,0,0,1,0,0,0,0,1
2002,bush020130.txt,Republican,20,13,0,0,0,0,0,0,0,0,1,0,0,0,0,0,0,0,0,0,0,3,0,0,0,0,0,0,0,0,0,0,0,11,9,0,1,81,14,3,3,2,0,0,0,0,4,6,3,2,0,1,1,0,0,0,0,0,0,0,0,0,0,0,1,0,18,2,0,0,0,0,0,0,0,0,1
2002,bush020617.txt,Republican,8,5,0,0,0,0,0,0,0,0,0,0,0,0,0,0,0,0,0,0,0,0,1,0,0,0,0,0,0,0,0,0,0,8,6,0,1,47,5,6,0,0,0,0,0,0,3,1,0,0,1,0,0,0,1,0,1,0,0,0,0,0,0,0,0,0,9,0,0,0,0,0,0,1,0,0,1
2002,bush020814.txt,Republican,31,12,1,1,0,0,0,1,1,2,0,0,0,0,0,0,0,0,0,0,0,0,0,5,0,0,0,0,0,0,0,0,0,9,10,0,1,77,5,2,0,0,0,0,0,0,4,3,3,1,0,3,0,0,0,0,1,1,0,0,0,0,0,0,0,0,23,0,2,0,0,0,0,0,1,0,1
2002,bush021005.txt,Republican,26,22,0,2,0,0,1,0,0,0,0,0,0,0,0,0,0,0,0,0,0,0,0,8,0,0,0,0,0,0,0,0,0,16,7,0,0,73,11,3,1,0,0,0,0,0,3,3,2,1,1,1,0,0,0,0,2,0,0,0,0,0,0,0,0,2,14,2,1,0,0,0,0,1,4,0,1
2002,bush030128.txt,Republican,5,15,0,4,0,0,0,3,0,0,1,0,1,0,0,0,0,0,0,0,0,2,2,3,0,0,0,0,0,0,0,0,0,4,2,0,0,31,1,1,0,0,0,1,0,0,3,2,0,3,1,2,0,0,1,0,0,1,0,0,0,0,1,0,0,0,0,2,1,0,1,1,0,1,0,0,1
2002,bush040120.txt,Republican,6,16,0,5,5,0,0,0,0,0,0,0,2,0,0,0,0,0,0,0,0,0,1,0,0,0,1,1,0,0,0,0,0,9,3,0,0,32,0,2,0,0,0,2,0,0,4,5,0,3,1,1,0,0,0,0,0,0,0,0,0,0,0,0,0,0,1,1,2,0,0,0,0,0,0,0,1
2004,bush040126.txt,Republican,17,17,0,1,0,0,0,0,1,0,0,0,0,0,0,0,0,0,0,0,0,1,2,2,0,0,0,0,0,0,0,0,0,7,14,0,0,57,18,1,2,0,2,0,1,0,7,4,2,0,0,3,1,4,0,0,0,0,0,0,0,0,0,0,0,0,14,0,1,0,0,0,0,2,0,0,1
2004,bush040131.txt,Republican,3,8,0,0,0,1,0,0,1,0,0,0,0,0,0,0,0,0,0,0,0,0,0,0,0,0,0,0,0,0,0,0,0,5,1,0,0,37,5,0,1,0,0,0,0,0,0,1,6,0,0,0,0,0,0,0,0,0,0,0,0,0,0,0,0,0,6,1,0,0,0,0,0,0,0,0,1
2004,bush040209.txt,Republican,15,14,0,0,4,0,1,0,0,0,0,0,0,0,0,0,0,0,0,0,0,1,0,1,0,0,0,0,0,0,0,0,0,11,10,0,0,48,14,2,2,0,1,0,0,1,1,1,2,0,0,0,0,0,1,0,0,0,0,0,0,0,0,0,0,1,40,1,0,0,0,1,0,4,0,0,1
2004,bush040304.txt,Republican,13,10,0,0,3,0,0,0,0,0,0,0,0,0,0,0,0,0,0,0,0,0,0,1,0,0,0,0,0,0,0,0,1,13,9,0,0,78,12,4,3,0,0,0,0,0,13,5,1,0,0,4,0,1,0,0,0,0,0,0,0,0,0,0,0,0,32,2,0,0,0,0,0,4,0,0,1
2004,bush040419.txt,Republican,15,20,0,3,1,0,0,0,0,0,0,0,0,0,0,0,0,0,0,0,0,2,1,2,0,0,0,0,0,3,0,0,0,5,8,0,0,72,6,4,4,0,0,0,0,0,5,3,1,0,1,6,0,0,3,1,0,0,0,0,0,0,0,0,1,0,7,1,1,1,0,0,0,0,0,0,1
2004,bush040511.txt,Republican,33,24,0,1,1,0,0,0,0,0,0,0,0,0,0,0,0,0,0,0,0,2,0,0,0,0,0,0,0,0,0,0,0,12,17,1,3,96,24,4,1,1,0,0,0,0,7,14,12,0,0,0,0,0,2,0,0,0,0,0,0,0,1,0,0,0,13,2,0,0,0,0,0,0,0,0,1
2004,bush040616.txt,Republican,8,0,0,0,0,0,0,0,0,0,0,0,0,0,0,0,0,0,0,0,0,1,3,0,0,0,0,0,0,0,0,0,0,4,1,0,0,32,2,0,1,1,1,0,0,0,0,4,0,1,2,0,0,0,0,0,0,0,1,0,0,0,0,0,0,0,0,3,3,0,0,1,0,0,0,0,1
2004,bush040714.txt,Republican,12,7,0,0,0,1,0,0,0,0,0,0,0,0,0,0,0,0,0,0,0,0,1,2,0,0,1,0,0,0,0,0,0,14,8,0,0,61,18,8,1,0,0,1,0,1,3,2,1,6,0,1,0,0,0,0,0,1,0,1,0,0,0,0,0,0,6,2,3,0,0,0,0,1,0,0,1
2004,bush040810.txt,Republican,8,5,0,1,0,0,0,1,1,0,0,0,0,0,0,0,0,0,0,0,0,3,0,2,0,0,1,1,0,0,0,0,0,17,7,0,0,56,19,2,0,0,0,0,0,1,5,4,2,4,1,3,0,0,0,2,2,0,0,0,0,0,0,0,0,0,10,2,1,0,0,0,0,2,0,0,1
2004,bush040828.txt,Republican,14,4,0,1,0,0,0,1,0,0,0,0,0,0,0,0,0,0,0,0,0,0,0,3,0,0,1,0,0,0,0,0,0,15,10,0,0,73,17,1,3,0,0,1,0,0,6,6,1,5,0,2,0,0,0,0,0,0,0,0,0,0,1,0,0,0,16,2,2,0,0,0,0,0,1,0,1
2004,bush040902.txt,Republican,8,12,0,0,0,0,0,0,2,0,0,0,0,0,0,0,0,0,0,0,0,1,2,1,0,0,2,0,0,0,0,0,0,21,10,0,0,64,6,6,0,0,2,0,0,0,2,8,2,5,1,1,1,0,0,0,1,0,0,1,0,0,0,0,0,0,2,0,0,0,0,0,0,1,0,0,1
2004,bush040924.txt,Republican,11,6,0,1,0,0,0,1,0,0,0,0,0,0,0,0,0,0,0,0,0,1,0,3,0,0,1,0,0,0,0,0,0,19,10,0,0,111,24,3,6,0,0,0,0,1,3,6,2,8,0,1,0,0,0,2,0,0,0,0,0,0,0,0,0,0,18,1,0,0,0,0,0,0,0,0,1
2004,bush041002.txt,Republican,16,5,0,1,0,0,0,1,0,0,0,0,0,0,0,0,0,0,0,0,0,2,0,5,0,0,1,0,0,0,0,0,0,25,12,0,0,97,27,4,6,0,0,0,0,0,7,11,0,1,1,3,0,0,0,1,1,0,0,1,0,0,0,0,0,0,19,1,0,0,0,0,0,0,0,0,1
2004,bush041020.txt,Republican,18,6,0,2,0,0,0,1,0,0,0,0,0,0,0,0,0,0,0,0,0,0,0,4,0,0,1,0,0,0,0,0,0,29,14,1,0,101,12,2,2,3,1,0,0,0,7,4,1,4,1,4,0,1,0,2,2,0,0,0,0,0,0,0,0,0,12,1,0,0,0,0,1,0,1,0,1
2004,bush041101.txt,Republican,11,2,0,0,0,0,0,0,0,0,1,0,0,0,0,0,0,0,0,0,0,0,0,0,0,0,1,0,0,0,0,0,0,22,20,1,0,94,13,4,1,0,0,0,0,1,5,1,0,4,0,3,0,1,1,2,1,0,0,0,0,0,0,0,0,0,10,0,0,0,0,0,0,0,0,0,1
2004,kerry040315.txt,Democrat,11,5,0,2,1,0,0,0,0,0,0,0,0,0,0,0,0,0,0,0,0,2,0,0,2,0,0,0,0,0,0,0,0,1,2,0,0,14,1,0,0,0,0,0,0,0,1,3,0,0,0,0,0,0,0,0,0,0,0,0,0,0,0,0,0,0,1,0,0,0,0,1,0,2,0,0,0
2004,kerry040325.txt,Democrat,8,5,0,2,0,0,0,0,0,0,0,0,1,0,0,0,0,0,0,0,0,0,0,0,0,0,0,0,0,0,0,0,0,3,4,0,0,18,0,2,0,0,0,0,0,0,3,1,0,1,0,2,0,0,0,0,0,0,0,0,0,0,0,0,0,0,3,0,0,0,0,0,0,1,0,0,0
2004,kerry040326.txt,Democrat,17,12,0,1,0,0,0,0,0,0,0,1,0,0,0,0,0,0,0,0,0,0,0,0,1,0,0,0,0,0,0,0,0,5,2,0,0,35,3,1,4,0,0,0,0,0,1,5,0,1,0,2,1,0,0,0,0,0,0,0,0,0,0,0,0,0,0,0,0,0,1,0,0,0,0,0,0
2004,kerry040510.txt,Democrat,6,0,0,1,0,0,0,0,0,0,0,0,0,0,0,0,0,0,0,0,0,0,1,0,0,2,0,0,0,0,0,0,0,3,4,0,0,28,6,4,2,0,0,0,0,0,0,2,0,0,0,0,0,0,0,0,0,0,0,0,0,0,1,0,0,0,6,1,1,0,0,0,0,1,0,0,0
2004,kerry040527.txt,Democrat,17,14,0,3,1,0,0,1,0,0,0,0,1,0,0,0,0,0,0,0,0,2,2,3,1,0,0,0,0,0,0,0,0,6,5,0,0,25,1,0,0,0,0,0,0,0,1,2,0,4,0,0,1,0,0,1,0,0,0,0,0,0,0,0,0,0,1,1,0,0,0,0,0,1,0,0,0
2004,kerry040624.txt,Democrat,13,5,0,0,0,0,0,0,0,0,0,0,0,0,0,0,0,0,0,0,0,0,0,0,0,0,0,0,0,0,0,0,0,4,0,0,0,11,2,1,0,0,0,0,0,0,2,2,1,4,2,0,1,2,1,0,0,0,0,0,0,0,0,1,0,0,2,0,1,0,1,0,0,0,0,0,0
2004,kerry040729.txt,Democrat,24,8,0,4,0,0,0,0,0,0,0,0,0,0,0,0,0,0,0,0,0,1,2,1,1,1,0,0,0,0,0,0,0,31,21,0,2,95,7,3,1,0,0,0,0,0,9,3,3,5,1,0,1,0,2,0,0,0,0,0,0,0,0,0,1,0,4,1,0,1,0,0,0,1,0,0,0
2004,kerry040805.txt,Democrat,9,8,0,8,0,0,0,0,0,0,0,0,0,0,0,0,0,0,0,0,0,0,1,0,1,1,0,0,0,0,0,0,0,12,4,0,0,26,1,0,0,0,0,0,0,0,1,3,3,1,3,0,0,0,1,0,0,0,0,0,0,0,0,0,0,0,4,0,1,0,0,0,0,0,0,0,0
2004,kerry040924.txt,Democrat,17,10,0,0,0,0,0,0,0,0,0,0,0,0,0,0,0,0,0,0,0,1,3,6,0,0,0,1,0,0,0,0,0,4,0,0,0,60,1,0,0,0,0,0,0,0,3,3,1,5,1,0,0,0,1,1,1,1,0,0,1,0,0,0,0,0,2,0,1,0,0,0,0,1,1,0,0
2004,kerry041002.txt,Democrat,13,7,0,1,0,0,0,0,0,0,0,0,0,0,0,0,0,0,0,0,0,0,0,1,0,1,0,0,0,0,0,0,1,5,3,0,0,16,0,9,1,0,0,0,0,0,4,2,1,1,0,3,0,0,0,0,0,0,0,0,0,0,0,0,0,0,2,1,0,0,0,0,0,0,0,0,0
2004,kerry041019.txt,Democrat,6,7,0,1,0,0,0,0,0,0,0,0,0,0,0,0,0,0,0,0,0,0,0,0,0,0,0,0,0,0,0,0,0,5,2,0,0,28,6,0,1,0,0,0,0,0,2,3,0,0,0,0,0,0,0,0,0,0,0,0,0,0,0,0,0,0,5,1,0,0,0,0,0,0,0,0,0
2004,kerry041027.txt,Democrat,9,15,0,5,0,0,0,0,0,0,1,0,0,0,0,0,0,0,0,0,0,0,1,0,0,0,0,0,0,0,0,0,1,10,5,0,0,23,2,2,1,0,0,0,0,0,3,2,1,3,0,1,1,0,0,0,0,0,0,0,0,0,0,0,0,0,7,0,0,1,0,0,0,0,0,0,0
2008,mccain0108.txt,Republican,17,3,0,1,0,0,0,1,0,0,0,0,0,0,0,0,0,0,0,0,0,0,0,3,0,0,0,0,0,0,0,0,0,15,6,0,0,40,3,0,0,0,0,1,0,0,2,2,0,0,0,0,0,0,0,0,0,0,0,0,0,0,0,0,0,0,4,0,0,0,0,0,0,0,0,0,0
2008,mccain0112.txt,Republican,11,1,0,1,0,0,0,0,0,0,0,0,0,0,0,0,0,0,0,0,0,0,3,0,0,0,0,0,0,0,0,0,0,5,2,0,0,19,1,0,1,0,0,0,0,0,1,1,0,2,1,1,0,0,0,0,0,0,0,0,0,0,0,0,0,0,0,2,0,0,0,0,0,0,0,0,0
2008,mccain0119.txt,Republican,6,0,0,0,0,0,0,0,0,0,0,0,0,0,0,0,0,0,0,0,0,0,1,0,0,0,0,0,0,0,0,0,0,11,8,0,0,42,0,0,0,0,0,0,0,0,1,0,0,1,0,0,0,0,0,0,0,0,0,0,0,0,0,0,0,0,0,0,1,0,0,0,0,0,0,0,0
2008,mccain0207.txt,Republican,10,5,2,2,0,0,0,4,0,0,0,0,0,0,0,0,0,0,0,0,0,0,1,0,0,0,0,0,0,0,0,0,0,46,7,1,1,118,1,1,0,0,1,0,0,0,0,4,0,1,0,0,0,0,0,0,0,0,0,0,1,0,0,0,0,0,1,0,0,0,0,0,0,0,0,0,0
2008,mccain0213.txt,Republican,19,0,1,1,0,0,0,1,0,0,0,0,0,0,0,0,0,0,0,0,0,0,0,2,0,0,0,0,0,0,0,0,0,15,5,1,0,38,0,0,0,0,1,0,0,0,1,2,0,1,0,0,0,0,0,0,0,0,0,0,0,0,0,0,0,0,0,0,0,0,0,0,0,0,0,0,0
2008,mccain0325.txt,Republican,5,7,0,0,0,0,0,0,0,0,0,0,0,0,0,0,0,0,0,0,0,0,0,0,1,0,0,0,0,0,0,0,0,2,1,0,0,15,1,0,0,0,0,0,0,0,1,0,1,0,3,0,0,0,0,0,0,1,0,0,0,0,0,0,0,0,0,0,0,0,1,0,0,0,0,0,0
2008,mccain0326.txt,Republican,15,16,2,1,0,0,0,2,0,0,0,0,0,0,0,0,0,0,0,0,0,1,0,0,1,0,0,0,0,0,0,0,1,6,0,0,0,30,0,0,0,0,2,3,0,0,0,3,2,7,3,3,1,0,2,0,1,1,0,0,0,0,0,0,0,0,1,0,0,0,0,0,0,0,0,0,0
2008,mccain0331.txt,Republican,17,5,0,0,0,0,0,0,0,0,0,0,0,0,0,0,0,0,0,0,0,0,0,0,1,0,0,0,0,0,0,0,0,53,15,0,0,39,0,0,0,0,0,0,0,0,0,0,1,0,1,0,1,0,0,0,0,1,0,0,0,0,1,0,1,0,0,0,0,0,0,1,0,0,0,0,0
2008,mccain0401.txt,Republican,16,3,1,1,0,0,0,0,0,0,0,0,0,0,0,0,0,0,0,0,0,0,2,0,2,0,0,0,0,0,0,0,0,30,17,1,0,65,2,3,0,0,1,1,0,0,0,1,0,0,1,0,0,0,0,0,0,1,0,0,0,0,0,0,0,0,0,0,0,0,0,1,0,0,0,0,0
2008,mccain0402.txt,Republican,21,11,3,1,0,1,0,0,0,1,0,0,0,0,0,0,0,0,0,0,0,0,0,0,0,0,0,0,0,0,0,0,0,47,15,1,0,59,1,4,0,0,1,0,0,0,1,1,0,0,0,0,0,0,0,0,0,0,0,0,0,0,1,0,0,0,0,0,0,0,0,1,0,0,0,0,0
2008,mccain0403.txt,Republican,21,14,1,5,0,0,0,0,0,0,0,0,0,0,0,0,0,0,0,0,0,0,0,1,2,0,0,0,0,0,0,0,1,29,12,0,0,42,0,0,0,0,0,3,0,0,1,1,0,1,2,0,0,0,0,0,0,0,0,0,0,0,0,0,1,0,0,1,0,0,0,0,0,0,0,0,0
2008,mccain0404.txt,Republican,7,7,1,2,0,0,0,0,1,0,0,0,0,0,0,0,0,0,0,0,0,1,1,1,1,0,0,1,0,0,0,0,0,2,1,2,0,7,0,0,0,0,0,2,0,0,0,1,1,0,0,0,0,1,0,0,4,0,0,0,0,0,0,0,0,0,0,0,0,0,0,0,0,1,0,0,0
2008,mccain0405.txt,Republican,15,13,0,6,1,1,0,0,0,0,0,0,0,0,0,0,0,0,0,0,0,0,1,2,0,0,0,0,0,0,0,0,0,13,19,1,3,32,0,0,0,0,0,1,0,0,0,0,1,0,0,0,0,0,0,0,0,1,0,0,0,0,1,0,0,1,1,0,0,0,0,0,0,0,0,0,0
2008,mccain0407.txt,Republican,16,10,0,4,0,0,0,3,0,1,0,0,0,0,0,0,1,0,0,0,0,1,0,0,1,0,0,0,0,0,0,0,0,5,0,0,0,19,1,0,0,0,0,0,0,0,0,1,1,1,1,0,0,0,0,0,0,0,1,0,0,0,0,0,0,0,0,1,1,0,0,0,0,0,0,0,0
2008,mccain0410.txt,Republican,6,11,0,0,0,0,0,0,0,0,0,0,0,0,0,0,0,0,0,0,0,1,1,0,0,0,0,0,0,0,0,0,0,7,4,0,0,21,0,1,0,0,0,0,0,0,1,0,0,1,1,0,0,1,1,0,0,0,0,0,0,0,0,0,0,0,0,0,0,0,0,0,0,0,0,0,0
2008,mccain0415.txt,Republican,9,14,0,1,0,1,0,1,0,0,0,0,0,0,0,1,0,0,0,0,0,0,2,0,1,0,0,0,0,0,0,0,0,16,6,1,0,48,2,0,5,0,0,2,0,0,4,4,0,1,1,1,0,0,0,1,0,0,0,0,0,0,0,0,0,0,10,2,0,0,0,0,0,0,0,0,0
2008,mccain0422.txt,Republican,8,6,0,1,0,0,0,0,0,0,0,0,0,0,0,0,0,0,0,0,0,1,1,0,1,0,0,0,0,0,0,0,0,7,2,1,0,14,2,4,0,1,1,0,1,0,2,1,1,1,1,0,1,0,1,0,0,0,0,0,0,0,0,0,0,0,6,0,0,0,0,0,0,1,0,0,0
2008,mccain0423.txt,Republican,6,10,0,0,0,1,0,0,0,0,0,0,0,0,0,0,0,0,0,0,0,1,0,0,0,0,0,0,0,0,0,0,0,12,3,2,2,38,2,2,0,0,0,1,0,0,0,2,0,0,0,0,0,1,0,0,0,0,0,0,0,0,0,0,0,0,1,0,0,0,0,0,0,0,0,0,0
2008,mccain0428.txt,Republican,4,1,0,0,0,0,0,0,0,0,0,0,0,0,0,0,0,0,0,0,0,0,0,0,0,0,0,0,0,0,0,0,0,4,0,0,0,10,0,0,0,0,0,0,0,0,1,5,2,0,1,0,0,0,0,0,0,0,0,0,0,0,0,0,0,0,0,2,0,0,0,0,0,0,0,0,0
2008,mccain0429.txt,Republican,15,20,1,1,0,0,0,0,0,0,0,0,0,0,1,0,0,0,0,0,0,1,1,1,0,0,0,0,0,0,0,0,1,5,0,0,0,19,0,1,0,0,0,0,0,0,1,3,1,1,1,0,1,0,2,0,0,0,0,0,0,0,0,0,0,0,1,0,0,0,0,0,0,1,0,1,0
2008,mccain0501.txt,Republican,2,5,0,0,0,0,0,0,0,0,0,0,0,0,0,0,0,0,0,0,0,0,0,0,0,0,0,0,0,0,0,0,1,1,0,0,0,12,0,0,0,0,0,0,0,0,0,0,0,0,1,0,0,0,0,0,0,0,0,0,0,0,0,0,0,0,0,0,0,0,0,0,0,0,0,0,0
2008,mccain0506.txt,Republican,13,11,1,1,1,0,3,0,0,0,0,0,0,0,0,0,0,0,0,0,0,0,0,0,0,0,0,1,0,0,0,0,0,16,5,0,0,17,3,0,0,0,0,2,0,0,3,0,3,0,1,0,0,0,1,0,0,0,0,0,0,0,0,0,0,0,0,0,0,0,0,1,0,0,0,1,0
2008,mccain0507.txt,Republican,7,5,0,1,0,0,0,1,0,0,0,0,0,0,0,0,0,0,0,0,0,0,0,0,0,0,0,0,0,0,0,0,0,0,1,0,0,14,0,0,1,0,0,1,0,0,0,3,0,0,1,0,0,0,0,0,0,0,0,0,0,0,0,0,0,0,0,0,0,0,0,0,0,0,0,0,0
2008,mccain0512.txt,Republican,7,8,1,2,0,0,0,2,0,0,0,0,0,0,0,0,0,0,0,0,0,1,0,0,2,0,0,0,0,0,0,0,0,3,1,0,0,17,0,1,0,1,0,3,0,0,2,4,0,4,1,1,0,1,1,0,0,0,0,0,0,0,0,0,0,0,1,0,0,0,0,0,0,0,0,0,0
2008,mccain0515.txt,Republican,16,5,0,2,0,1,0,0,0,0,0,0,0,0,0,0,0,0,0,0,0,1,0,0,0,0,0,0,0,0,0,0,0,13,4,2,0,44,2,1,0,0,2,1,0,0,1,2,0,1,1,0,1,0,0,0,0,0,1,0,0,0,0,1,0,0,0,0,1,0,0,0,0,0,0,0,0
2008,mccain0516.txt,Republican,13,8,1,1,0,0,0,1,0,0,0,0,0,0,0,0,0,0,0,0,0,0,0,0,0,0,0,0,0,0,0,0,0,13,3,0,0,37,0,1,0,0,0,1,0,0,1,0,0,0,0,0,0,0,1,0,1,0,0,0,0,0,0,0,0,0,0,1,0,0,1,0,0,0,0,0,0
2008,mccain0519.txt,Republican,17,7,0,2,1,0,0,0,0,1,0,0,0,0,0,0,0,0,0,0,0,0,0,0,0,0,0,0,0,0,0,0,0,9,4,0,0,24,0,1,0,0,1,1,0,0,2,2,1,0,1,0,0,0,1,1,0,0,0,0,0,0,0,0,0,0,11,0,0,0,0,0,0,1,0,0,0
2008,mccain0520.txt,Republican,5,1,0,0,0,0,0,0,0,0,0,0,0,0,0,0,0,0,0,0,0,0,0,0,0,0,0,0,0,0,0,0,0,5,0,0,0,7,0,0,0,0,2,1,0,0,0,3,0,0,0,0,0,0,0,0,0,0,1,0,0,0,0,0,0,0,0,1,0,0,0,0,0,1,0,0,0
2008,mccain0526.txt,Republican,12,10,2,1,0,0,0,2,0,0,0,0,0,0,0,0,0,0,0,0,0,2,0,1,1,0,0,0,0,0,0,0,0,20,6,0,0,61,1,0,0,0,0,2,0,0,0,4,0,0,0,0,1,0,0,0,0,0,0,0,0,0,0,0,0,0,0,1,0,0,0,0,0,0,0,0,0
2008,mccain0527.txt,Republican,11,10,0,0,0,0,0,2,0,0,0,0,0,0,0,0,0,0,0,0,0,3,0,0,0,0,0,0,0,0,0,0,0,5,0,0,0,28,0,0,0,1,0,1,0,0,0,5,3,4,3,0,0,0,1,0,0,0,0,0,0,0,0,0,0,0,0,1,0,0,0,0,0,0,0,0,0
2008,mccain0602.txt,Republican,14,5,0,1,0,0,1,0,0,0,1,0,0,0,0,0,0,0,0,0,0,0,1,2,0,0,0,0,0,0,0,0,0,4,0,1,0,22,0,1,0,0,1,0,0,0,0,0,0,1,0,2,0,0,1,2,0,0,1,0,0,0,2,0,0,0,2,0,0,0,0,0,1,0,0,0,0
2008,mccain0603.txt,Republican,24,4,0,3,1,0,1,1,0,0,0,0,0,0,0,0,0,0,0,0,0,0,0,0,2,0,0,0,0,0,0,0,0,13,10,0,1,51,5,2,2,0,2,0,0,0,2,5,0,4,1,2,0,0,0,0,1,0,0,0,0,0,1,0,0,0,6,0,0,1,0,0,0,0,0,0,0
2008,mccain0610.txt,Republican,10,6,0,0,1,0,0,0,0,1,0,0,0,0,0,0,0,0,0,0,0,0,0,0,0,0,0,0,0,0,0,0,0,11,2,0,0,34,0,0,0,0,2,2,0,0,2,2,1,1,1,4,0,1,0,1,0,0,0,0,0,0,0,0,0,0,5,0,0,0,0,0,0,0,0,0,0
2008,mccain0617.txt,Republican,19,8,0,0,0,0,0,0,0,0,0,0,0,0,0,0,0,0,0,0,0,0,0,0,0,0,0,0,0,0,0,0,0,4,0,0,0,10,1,0,1,0,0,1,0,0,1,3,1,1,0,0,0,1,0,1,0,0,0,0,0,0,0,0,0,0,0,1,0,0,0,0,0,0,0,0,0
2008,mccain0618.txt,Republican,7,1,0,0,0,0,0,0,0,0,1,0,0,0,0,0,0,0,0,0,0,0,0,0,0,0,0,0,0,0,0,0,0,3,2,0,0,15,2,2,0,0,0,1,0,0,0,1,0,2,1,0,0,0,0,1,0,0,0,0,0,0,0,0,0,0,0,0,0,0,0,0,0,0,0,0,0
2008,mccain0620.txt,Republican,3,0,0,2,1,0,0,1,0,0,0,0,0,0,0,0,0,0,0,0,0,0,2,1,0,0,0,0,0,0,0,0,0,0,0,0,0,18,0,0,1,0,0,1,0,0,0,2,0,1,0,2,0,0,0,0,0,0,0,0,0,0,0,0,1,0,3,0,0,0,0,0,0,0,0,0,0
2008,mccain0623.txt,Republican,3,4,0,0,0,0,0,0,0,0,0,0,0,0,0,0,0,0,0,0,0,1,0,0,0,0,0,0,0,0,0,0,0,4,1,0,0,6,1,0,0,0,0,0,0,0,0,3,0,0,0,0,0,1,0,1,0,0,0,0,0,0,0,0,0,0,5,0,0,0,0,0,0,0,0,0,0
2008,mccain0624.txt,Republican,3,7,0,0,0,0,0,0,0,0,0,0,0,0,0,0,0,0,0,0,0,1,0,0,1,0,0,0,0,0,0,0,0,4,2,0,0,10,1,2,0,0,0,1,0,0,0,1,0,0,2,0,0,0,1,0,0,0,0,0,0,0,0,0,0,0,2,0,0,0,0,0,0,0,0,0,0
2008,mccain0625.txt,Republican,10,10,1,2,1,0,1,0,0,0,0,0,0,0,0,0,0,0,0,0,0,1,0,0,0,0,0,0,0,0,0,0,0,8,3,0,0,21,0,0,1,0,0,0,0,0,1,5,0,1,0,2,0,1,2,1,0,0,0,0,0,0,0,0,0,0,5,0,0,0,0,1,0,1,0,0,0
2008,mccain0628.txt,Republican,10,8,0,1,0,0,0,1,1,0,0,0,0,0,0,0,0,0,0,0,0,0,2,0,1,0,0,0,0,0,0,0,0,10,3,0,1,27,0,0,0,0,1,0,0,0,1,5,0,0,1,1,0,1,0,0,0,0,0,0,0,0,0,0,0,0,0,1,0,0,0,0,0,0,0,0,0
2008,mccain0701.txt,Republican,11,6,0,0,1,0,0,0,0,0,0,0,0,0,0,0,0,0,0,0,0,1,0,0,0,0,0,1,0,0,0,0,0,4,0,0,0,15,1,1,0,1,0,1,0,0,1,3,1,0,0,0,1,0,0,1,0,1,0,0,0,0,0,0,0,0,2,1,0,0,0,0,0,0,0,0,0
2008,mccain0707.txt,Republican,7,8,0,0,0,0,0,0,0,0,0,0,0,0,0,0,0,0,0,0,0,0,0,0,0,0,0,0,0,0,0,0,0,14,5,0,0,36,3,0,0,0,0,0,0,0,0,1,0,0,0,0,0,2,0,0,0,0,0,0,0,0,0,0,0,0,6,1,0,0,0,0,0,0,0,0,0
2008,mccain0709.txt,Republican,3,6,0,0,0,0,0,0,0,0,0,0,0,0,0,0,0,0,0,0,0,0,0,0,0,0,0,0,0,0,0,0,0,14,3,0,0,30,2,0,0,0,0,0,0,0,0,1,0,0,1,0,0,1,0,0,0,0,0,0,0,0,0,0,0,0,2,1,0,0,0,0,0,0,0,0,0
2008,mccain0714.txt,Republican,11,5,0,3,0,0,0,1,0,1,0,0,0,0,0,0,0,0,0,0,0,0,1,0,0,0,0,0,0,0,0,0,0,26,10,0,0,71,6,0,0,0,0,0,0,0,0,2,0,0,1,0,0,0,1,0,0,0,0,0,0,0,0,0,0,0,2,1,0,0,0,0,0,0,0,0,0
2008,mccain0716.txt,Republican,17,13,1,3,0,0,0,0,1,0,0,0,0,0,0,1,0,0,0,0,0,0,0,1,0,0,0,1,0,0,0,0,0,18,8,1,1,22,3,1,3,0,1,0,0,0,4,1,0,0,1,0,0,1,0,0,3,0,0,0,0,0,0,0,0,0,4,0,0,0,0,0,0,0,0,0,0
2008,mccain0725.txt,Republican,13,6,1,0,0,0,0,0,0,0,0,0,0,0,0,0,0,1,0,0,0,0,0,3,0,0,0,0,0,0,0,0,0,10,2,0,0,38,2,0,0,0,2,0,0,0,0,1,0,0,1,0,0,0,1,0,0,0,0,0,0,0,0,0,0,0,0,0,0,2,0,2,0,0,0,0,0
2008,mccain0726.txt,Republican,1,6,0,1,0,0,0,0,0,0,0,0,0,0,0,0,0,0,0,0,0,0,0,0,1,0,0,0,0,0,0,0,0,2,1,1,0,9,0,0,0,0,0,0,0,0,1,0,0,0,0,0,0,0,1,0,0,0,0,0,0,0,0,0,0,0,0,0,0,0,0,0,0,0,0,0,0
2008,mccain0801.txt,Republican,15,11,0,2,0,0,0,0,0,0,0,0,0,0,0,1,0,0,0,0,0,0,0,0,0,0,0,0,0,0,0,0,0,13,1,0,1,18,2,0,3,0,1,0,0,0,2,1,0,0,1,0,0,0,0,0,0,0,0,0,0,0,0,0,0,0,5,0,1,0,0,0,0,0,0,0,0
2008,mccain0811.txt,Republican,5,12,1,2,0,0,0,0,0,0,0,0,0,0,0,1,0,0,0,0,0,0,0,0,0,0,0,0,0,0,0,0,1,9,4,1,1,32,2,0,0,0,1,0,0,0,1,1,0,0,0,0,0,0,0,0,0,0,0,0,0,0,0,0,0,0,1,0,0,0,0,0,0,0,0,0,0
2008,mccain0819.txt,Republican,1,0,0,0,0,0,0,0,0,0,0,0,0,0,0,0,0,0,0,0,0,0,0,0,0,0,0,0,0,0,0,0,0,0,0,0,0,0,1,0,0,0,0,0,0,0,0,0,0,0,0,0,0,0,0,0,0,0,0,0,0,0,0,0,0,0,4,0,0,0,0,0,0,0,0,0,0
2008,mccain0826.txt,Republican,13,17,1,3,0,1,0,0,0,0,0,0,0,0,0,1,0,0,0,0,0,1,0,0,0,0,0,0,0,0,0,0,0,14,6,0,0,35,2,1,0,0,0,0,0,0,1,4,2,3,0,0,0,0,0,0,0,0,0,0,0,0,0,0,0,0,1,0,0,0,0,0,0,0,0,0,0
2008,mccain0919.txt,Republican,11,5,0,0,1,0,1,0,0,0,1,0,0,0,0,0,0,0,0,0,0,5,0,0,0,1,0,0,0,0,0,0,0,10,1,0,0,18,0,0,0,0,0,0,0,0,1,7,0,3,1,0,0,0,1,0,0,1,0,0,0,0,0,0,0,0,5,3,0,1,0,0,0,0,0,0,0
2008,mccain0924.txt,Republican,1,0,0,0,0,0,0,0,0,0,0,0,0,0,0,0,0,0,0,0,0,0,0,0,0,0,0,0,0,0,0,0,0,0,1,0,0,4,0,0,0,0,0,0,0,0,1,0,0,0,0,0,0,0,0,0,0,0,0,0,0,0,0,0,0,0,0,0,0,0,0,0,0,0,0,0,0
2008,mccain0925.txt,Republican,3,1,1,0,0,0,1,0,0,0,0,0,0,0,0,0,0,0,0,0,0,0,0,0,0,0,0,0,0,0,0,0,0,2,4,0,0,26,1,1,0,0,1,1,0,0,1,1,0,1,0,0,0,1,0,1,0,0,0,0,0,0,1,0,0,0,1,1,0,0,0,0,0,0,0,0,0
2008,mccain0928.txt,Republican,5,3,0,0,0,0,0,0,1,0,0,0,0,0,0,0,0,0,0,0,0,1,0,0,0,0,0,0,0,0,0,0,0,12,4,1,0,18,2,2,0,0,0,0,0,0,0,1,0,0,0,0,0,0,0,0,0,0,0,0,0,0,0,0,0,0,3,1,0,0,0,0,0,0,0,0,0
2008,mccain0929.txt,Republican,1,0,0,0,0,0,0,0,0,0,0,0,0,0,0,0,0,0,0,0,0,0,0,0,0,0,0,1,0,0,0,0,0,1,1,0,0,13,0,1,0,0,0,0,0,0,1,1,0,0,0,0,0,0,0,0,0,0,0,0,0,0,0,0,0,0,0,0,1,0,0,0,0,0,0,0,0
2008,mccain0930.txt,Republican,5,0,0,0,0,0,0,0,0,1,0,0,0,0,0,0,0,0,0,0,0,2,0,0,0,0,0,0,0,0,0,0,0,0,0,0,0,9,0,0,0,0,0,0,0,0,1,3,0,0,0,0,0,0,0,0,0,0,0,0,0,0,0,0,0,0,0,0,0,0,0,0,0,0,0,0,0
2008,mccain1001.txt,Republican,8,4,0,2,0,0,0,0,0,0,0,0,0,0,0,0,0,0,0,0,0,1,0,0,0,1,0,0,0,0,0,0,0,4,3,0,0,22,1,1,0,0,0,0,0,0,2,1,0,1,0,0,0,0,0,0,0,0,0,0,0,0,0,0,0,0,2,0,0,0,0,0,0,0,0,0,0
2008,mccain1006.txt,Republican,12,9,0,0,0,0,0,0,0,0,0,0,0,0,0,0,0,0,0,0,0,3,0,0,0,0,0,0,0,0,0,0,0,18,6,0,0,26,7,5,0,0,1,0,0,0,2,3,0,2,0,2,0,0,0,0,0,1,0,0,0,0,0,0,0,0,8,0,0,0,0,0,0,0,0,0,0
2008,mccain1008.txt,Republican,6,6,0,0,0,0,0,0,0,0,0,0,0,0,0,0,0,0,0,0,0,0,0,0,0,0,0,0,0,0,0,0,0,14,4,0,1,28,9,5,1,0,1,0,0,0,2,1,0,1,0,1,0,0,0,1,0,0,0,0,0,0,0,0,0,0,11,0,0,0,0,0,0,0,0,0,0
2008,mccain1010.txt,Republican,5,2,0,0,0,0,0,0,0,0,0,0,0,0,0,0,0,0,0,0,0,0,0,0,0,0,0,0,0,0,0,0,0,15,4,0,0,26,10,5,1,0,1,0,0,0,2,0,0,1,0,1,0,0,0,2,0,0,0,0,0,0,0,0,0,0,11,1,0,0,0,0,0,0,0,0,0
2008,mccain1013.txt,Republican,5,4,0,1,0,0,0,0,1,0,0,0,0,0,0,0,0,0,0,0,0,1,1,1,0,0,0,0,0,0,0,0,0,7,1,0,0,30,14,2,2,0,0,0,0,0,3,4,0,3,0,1,0,0,0,0,0,0,0,0,0,0,0,0,0,0,6,0,0,0,0,0,0,0,0,0,0
2008,mccain1014.txt,Republican,5,7,0,1,0,0,0,1,0,0,0,0,0,0,0,0,0,0,0,0,0,1,1,1,1,0,0,0,0,0,0,0,0,19,2,0,0,41,1,3,1,0,0,0,0,0,2,0,2,5,2,0,1,0,0,0,0,0,0,0,0,0,0,0,0,0,7,0,0,0,0,0,0,0,0,0,0
2008,mccain1016a.txt,Republican,9,4,0,0,0,1,0,0,0,0,0,0,0,0,0,0,0,0,0,0,0,0,0,0,0,0,0,0,0,0,0,0,0,14,7,1,0,28,5,0,0,0,0,0,0,0,1,1,1,0,0,0,0,0,0,0,0,0,0,0,0,0,0,0,0,0,1,0,0,1,0,0,0,0,0,0,0
2008,mccain1016b.txt,Republican,6,4,0,1,0,0,0,0,1,0,0,0,0,0,0,0,0,0,0,0,0,1,1,1,0,0,0,0,0,0,0,0,0,7,1,0,0,32,14,2,2,0,0,0,0,0,3,4,0,3,0,1,0,0,0,0,0,0,0,0,0,0,0,0,0,0,8,0,0,0,0,0,0,0,0,0,0
2008,mccain1017.txt,Republican,6,5,0,2,0,0,0,0,1,0,0,0,0,0,0,0,0,0,0,0,0,1,1,1,0,0,0,0,0,0,0,0,0,8,1,0,0,34,17,2,3,0,0,0,0,0,4,4,0,3,0,3,0,0,0,0,0,0,0,0,0,0,0,0,0,0,8,1,0,0,0,0,0,0,0,0,0
2008,mccain1018.txt,Republican,6,4,0,1,0,0,0,0,1,0,0,0,0,0,0,0,0,0,0,0,0,0,1,1,0,0,0,0,0,0,0,0,0,9,1,0,0,30,16,2,2,0,0,0,0,0,3,2,0,3,0,3,0,0,0,0,0,0,0,0,0,0,0,0,0,0,9,1,0,0,0,0,0,0,0,0,0
2008,mccain1020.txt,Republican,5,5,0,1,0,0,0,0,1,0,0,0,0,0,0,0,0,0,0,0,0,0,0,0,0,0,0,0,0,0,0,0,0,9,2,0,0,23,13,2,2,0,0,0,0,0,3,2,0,3,0,1,0,0,0,0,0,0,0,0,0,0,0,0,0,0,7,0,1,0,0,0,0,0,0,0,0
2008,mccain1022.txt,Republican,8,5,1,1,0,0,0,0,0,0,0,0,0,0,0,0,0,0,0,0,0,0,0,0,0,0,0,0,0,0,0,0,0,14,2,0,0,11,2,2,0,1,1,0,0,0,2,1,0,3,0,2,0,0,0,0,0,0,0,0,0,0,0,0,0,0,9,0,0,0,0,0,0,1,0,0,0
2008,mccain1024.txt,Republican,7,3,0,2,0,0,0,0,1,0,0,0,0,0,0,0,0,0,0,0,0,0,0,0,0,0,0,0,0,0,0,0,0,7,1,0,0,26,10,2,1,0,0,0,0,0,3,3,1,3,0,0,0,0,0,0,0,0,0,0,0,0,0,0,0,0,11,0,1,0,0,0,0,0,0,0,0
2008,mccain1027.txt,Republican,8,5,0,1,0,0,0,0,1,0,0,0,0,0,0,0,0,0,0,0,0,0,0,0,0,0,0,0,0,0,0,0,0,6,2,0,0,18,10,2,0,0,0,0,0,0,2,2,0,3,0,0,0,0,0,0,0,0,0,0,0,0,0,0,0,0,9,1,0,0,0,0,0,0,0,0,0
2008,mccain1028a.txt,Republican,2,3,0,0,0,0,0,0,0,0,0,0,0,0,0,0,0,0,0,0,0,3,0,0,0,0,0,0,0,0,0,0,0,10,5,0,0,25,0,0,0,0,1,0,0,0,0,5,0,3,0,2,0,0,0,0,0,0,0,0,0,0,0,0,0,0,0,0,0,0,0,0,0,0,0,0,0
2008,mccain1028b.txt,Republican,7,3,0,1,0,0,0,0,1,0,0,0,0,0,0,0,0,0,0,0,0,0,0,0,0,0,0,0,0,0,0,0,0,6,2,0,0,23,13,2,0,0,0,0,0,0,4,3,0,3,0,0,0,0,0,0,0,0,0,0,0,0,0,0,0,0,10,0,1,0,0,0,0,0,0,0,0
2008,mccain1029.txt,Republican,7,3,0,1,0,0,0,0,1,0,0,0,0,0,0,0,0,0,0,0,0,0,0,0,0,0,0,0,0,0,0,0,0,6,2,0,0,23,14,2,0,0,0,0,0,0,4,3,0,3,0,0,0,0,0,0,0,0,0,0,0,0,0,0,0,0,11,0,1,0,0,0,0,0,0,0,0
2008,mccain1030.txt,Republican,7,3,0,1,0,0,0,0,0,0,0,0,0,0,0,0,1,0,0,0,0,0,0,0,0,0,1,0,0,0,0,0,0,8,2,0,0,10,0,1,0,0,1,0,0,0,0,0,1,0,0,0,0,0,1,1,0,0,0,0,0,0,0,0,0,0,2,0,0,0,0,0,0,0,0,1,0
2008,mccain1031.txt,Republican,8,4,0,1,0,0,0,0,1,0,0,0,0,0,0,0,0,0,0,0,0,0,0,0,0,0,0,0,0,0,0,0,0,6,4,0,0,21,19,1,0,0,0,0,0,0,3,3,0,3,0,0,0,0,0,0,0,0,0,0,0,0,0,0,0,0,16,0,1,0,0,0,0,0,0,0,0
2008,obama0103.txt,Democrat,6,2,0,0,0,0,0,0,0,0,0,0,0,0,0,0,0,0,0,0,0,0,2,0,0,0,0,1,0,0,0,0,0,2,5,0,0,9,1,0,5,1,0,0,0,0,0,1,2,0,1,0,0,0,0,1,0,0,0,0,0,0,0,0,0,0,0,0,1,0,0,0,0,1,0,0,1
2008,obama0120.txt,Democrat,18,12,0,0,0,0,0,1,0,0,0,0,0,0,0,0,0,0,1,0,0,0,2,0,1,0,0,1,0,0,0,0,1,1,4,0,1,3,6,0,0,0,0,0,0,0,2,2,2,0,0,0,6,1,0,0,1,0,0,0,0,0,1,0,0,0,1,4,0,0,1,1,0,1,0,0,1
2008,obama0122.txt,Democrat,11,4,0,0,0,0,0,0,0,0,0,0,0,0,0,0,0,0,0,0,0,0,3,0,0,0,0,0,0,0,0,0,0,7,7,0,1,29,3,4,6,0,0,0,0,0,0,4,1,1,0,1,0,0,0,0,0,0,0,0,0,0,0,0,0,0,1,1,0,0,0,0,0,0,0,0,1
2008,obama0126.txt,Democrat,10,11,0,1,0,0,0,0,0,0,0,0,0,0,0,0,0,0,0,0,0,0,0,0,0,0,0,0,0,0,0,0,0,0,4,0,0,14,1,0,0,0,0,0,0,0,0,2,0,1,0,0,0,0,0,1,0,0,0,0,0,0,0,0,0,0,1,0,0,0,0,0,0,0,0,0,1
2008,obama0128.txt,Democrat,4,7,0,0,0,0,0,0,0,0,0,0,0,0,0,0,0,0,0,0,0,0,0,0,0,0,0,0,0,0,0,0,0,9,3,0,0,20,4,2,0,0,1,0,0,0,1,0,1,0,0,0,0,0,0,0,0,0,0,0,0,0,0,0,0,0,1,0,0,0,0,0,0,0,0,0,1
2008,obama01281.txt,Democrat,8,1,0,1,0,0,0,0,0,0,0,0,0,0,0,0,0,0,0,0,0,0,1,0,1,0,0,0,0,0,0,0,0,0,1,0,0,9,0,0,0,0,0,0,0,0,0,3,0,0,0,1,0,0,0,0,0,0,0,0,0,0,0,0,0,0,2,1,0,0,0,0,0,0,0,0,1
2008,obama0129.txt,Democrat,10,10,0,0,0,0,0,0,0,0,0,0,0,0,0,0,0,0,0,0,0,0,0,0,0,0,0,0,0,0,0,0,1,22,7,0,0,40,4,5,3,0,1,0,0,0,3,1,2,1,1,3,0,1,0,0,0,0,0,0,0,0,0,0,0,0,1,2,0,0,0,0,0,0,0,0,1
2008,obama0130.txt,Democrat,17,9,0,4,0,0,0,0,0,0,1,0,0,0,0,0,0,0,0,0,0,1,4,0,0,0,0,0,0,0,0,0,0,10,3,0,0,32,3,1,7,0,1,0,0,0,1,3,1,3,0,1,0,0,0,1,0,0,0,0,0,0,1,1,0,0,6,1,0,0,0,0,0,0,0,0,1
2008,obama0205.txt,Democrat,8,9,0,3,0,0,0,1,0,1,0,0,0,0,0,0,0,0,0,0,0,0,0,0,0,0,0,0,0,0,0,0,1,3,2,0,0,23,0,1,2,0,0,0,0,0,1,0,0,1,0,1,0,0,0,0,0,0,0,0,0,0,0,0,0,0,3,0,0,0,0,0,0,3,0,0,1
2008,obama0207.txt,Democrat,13,6,0,1,0,0,0,0,0,0,0,0,0,0,0,0,0,0,0,0,0,0,0,0,0,0,0,0,0,0,0,0,0,4,3,1,0,25,3,0,3,0,0,0,0,1,2,3,1,0,1,2,0,1,0,0,0,0,0,0,0,0,0,1,0,0,2,0,0,0,0,0,0,1,0,0,1
2008,obama0209.txt,Democrat,13,12,0,0,0,0,0,0,0,1,0,0,0,0,0,0,0,0,0,0,0,0,4,0,0,0,0,0,0,0,0,0,0,7,3,0,0,36,1,1,1,1,0,0,0,0,2,1,2,1,1,0,0,0,0,1,0,0,0,0,0,0,0,0,0,0,0,1,1,0,0,0,0,2,0,0,1
2008,obama0212.txt,Democrat,12,6,0,1,1,0,0,0,0,0,0,0,0,0,0,0,0,0,0,0,0,0,1,0,0,0,0,0,0,0,0,0,1,6,6,0,0,20,2,6,1,0,0,0,0,0,6,1,1,0,0,0,0,0,0,1,0,0,0,0,0,0,0,0,0,0,1,0,1,0,0,0,0,2,0,0,1
2008,obama0213.txt,Democrat,17,16,1,2,1,0,0,0,0,1,0,0,0,0,0,0,0,0,0,0,0,0,0,0,0,0,0,0,0,0,0,0,0,10,3,0,1,41,7,4,12,1,0,0,0,0,6,3,2,0,0,0,0,0,0,1,0,0,0,0,0,0,0,0,0,0,1,0,0,0,0,1,0,1,0,0,1
2008,obama0224.txt,Democrat,5,1,0,1,0,0,0,0,0,0,0,0,0,0,0,0,0,0,0,0,0,0,0,0,1,0,0,0,0,0,0,0,0,2,1,0,0,13,3,7,3,0,0,0,0,0,0,0,0,0,1,0,0,0,0,0,0,0,0,0,0,0,0,0,0,0,3,0,0,0,0,0,0,0,0,0,1
2008,obama0304.txt,Democrat,7,5,0,2,0,0,0,0,1,0,0,0,0,0,0,0,0,0,0,0,0,0,1,0,0,0,0,0,0,0,0,0,0,3,2,0,0,10,0,0,0,0,0,0,0,0,2,1,0,2,0,1,0,0,0,0,0,0,0,0,0,0,0,0,0,0,0,1,0,0,0,0,0,1,0,1,1
2008,obama0312.txt,Democrat,3,3,0,0,0,0,0,0,0,0,0,0,0,0,0,0,0,0,0,0,0,0,0,0,0,0,0,0,0,0,0,0,0,7,4,1,0,26,0,1,0,0,1,0,0,0,2,1,1,2,0,0,0,1,0,0,0,0,0,0,0,0,0,0,0,0,1,0,0,0,0,0,0,0,0,0,1
2008,obama0318.txt,Democrat,30,42,1,4,2,0,0,0,0,0,0,0,0,0,0,0,0,0,0,2,0,2,2,0,0,1,1,10,0,0,0,0,0,31,12,2,0,40,2,1,0,1,2,0,0,0,1,2,3,0,3,3,2,0,0,0,0,0,0,0,0,0,0,0,0,0,0,1,0,2,0,1,0,1,0,0,1
2008,obama0319.txt,Democrat,18,10,2,4,2,0,0,0,0,0,1,0,0,0,0,0,0,0,0,0,0,5,4,2,0,0,0,0,0,0,0,0,1,8,2,0,0,36,0,0,0,0,1,0,0,0,3,8,0,3,0,1,0,0,2,1,1,0,0,0,0,0,0,0,0,0,1,0,0,0,0,0,0,1,0,0,1
2008,obama0327.txt,Democrat,22,11,2,4,0,0,0,0,0,0,0,0,0,0,0,0,0,0,0,0,0,0,0,0,1,1,0,0,0,0,0,0,0,0,1,0,0,28,0,4,0,0,2,1,0,0,1,3,2,0,0,1,0,0,0,0,0,0,0,0,0,0,1,0,0,0,0,2,0,0,0,0,0,2,0,0,1
2008,obama0402.txt,Democrat,7,1,0,1,0,0,0,0,0,0,0,0,0,0,0,0,0,0,0,0,0,0,0,0,0,0,0,0,0,0,0,0,0,5,4,0,0,24,11,8,2,0,0,0,0,0,3,6,1,0,0,1,0,0,0,0,0,0,0,0,0,0,1,0,0,0,4,1,1,0,1,0,0,1,0,0,1
2008,obama0404.txt,Democrat,7,2,0,1,0,0,0,1,0,0,0,0,0,0,0,0,0,0,0,0,0,0,1,0,0,0,0,1,0,0,0,0,0,0,1,0,0,6,0,0,0,0,0,0,0,0,2,0,0,0,0,0,0,1,0,0,0,0,0,0,0,0,1,0,0,0,0,1,0,0,0,0,0,0,0,0,1
2008,obama0410.txt,Democrat,7,6,0,0,1,0,0,0,0,0,0,0,0,0,0,0,0,0,0,0,0,0,0,0,0,0,0,0,0,0,0,0,0,0,0,0,0,4,3,4,0,0,0,0,0,0,0,0,1,0,0,0,0,0,0,0,0,0,0,0,0,0,0,0,0,0,0,0,0,0,0,0,0,0,0,0,1
2008,obama0411a.txt,Democrat,11,29,0,2,0,0,0,0,0,0,0,0,0,0,0,0,0,0,0,0,0,0,0,0,0,0,0,0,0,0,0,0,0,10,6,1,0,34,5,6,2,2,0,0,0,0,4,0,0,0,0,0,1,0,0,2,0,0,0,0,0,0,1,0,0,0,5,0,0,0,0,0,0,0,0,0,1
2008,obama0414.txt,Democrat,18,12,0,2,2,0,0,0,0,0,0,0,0,0,0,0,0,0,0,0,0,0,0,0,0,0,0,0,0,0,0,0,0,7,14,0,0,50,13,8,2,0,1,0,0,0,1,2,2,3,0,0,0,1,0,0,0,0,0,0,0,0,0,0,0,0,6,1,0,0,0,0,0,1,0,0,1
2008,obama04141.txt,Democrat,11,29,0,2,0,0,0,0,0,0,0,0,0,0,0,0,0,0,0,0,0,0,0,0,0,0,0,0,0,0,0,0,0,10,6,1,0,34,5,6,2,2,0,0,0,0,4,0,0,0,0,0,1,0,0,2,0,0,0,0,0,0,1,0,0,0,5,0,0,0,0,0,0,0,0,0,1
2008,obama0415.txt,Democrat,18,6,0,1,2,0,0,0,0,0,0,0,0,0,0,0,0,0,0,0,0,0,0,0,0,0,0,0,0,0,0,0,0,10,12,0,0,37,16,3,6,1,0,0,0,0,3,1,0,1,0,1,0,0,0,0,0,0,0,0,0,0,0,0,0,0,13,1,0,0,1,0,0,0,0,0,1
2008,obama04151.txt,Democrat,4,4,0,1,0,0,0,0,0,0,0,0,0,0,0,0,0,0,0,0,0,0,0,0,0,0,0,0,0,0,0,0,1,10,1,0,0,16,3,3,1,0,0,0,0,0,3,1,0,2,0,0,0,0,0,0,0,0,0,0,0,0,1,0,0,0,1,0,0,0,0,0,0,0,0,0,1
2008,obama0422.txt,Democrat,11,10,0,2,0,0,0,0,0,0,0,0,0,0,0,0,0,0,0,0,0,0,2,0,0,0,0,0,0,0,0,0,0,3,1,0,0,16,1,0,0,0,0,0,0,0,1,2,2,1,1,0,0,0,1,0,0,0,0,0,0,0,0,0,0,0,5,1,0,0,0,0,0,0,0,0,1
2008,obama0425.txt,Democrat,7,1,0,0,1,0,0,0,0,0,0,0,0,0,0,0,0,0,0,0,0,0,0,0,0,0,0,0,0,0,0,0,0,1,0,0,0,4,5,0,2,0,0,0,0,0,1,3,0,0,0,0,0,0,0,0,0,0,0,0,0,0,0,0,0,0,9,1,0,0,0,0,0,1,0,0,1
2008,obama0503.txt,Democrat,17,17,1,5,0,0,0,0,0,0,0,0,0,0,0,0,0,0,0,0,0,0,1,0,0,0,0,0,0,0,0,0,0,8,6,0,0,36,8,1,2,0,0,0,0,0,7,6,4,1,1,0,0,1,1,0,0,0,0,0,0,0,1,0,0,0,0,1,1,0,0,0,0,1,0,0,1
2008,obama0506.txt,Democrat,17,10,0,0,0,0,0,0,1,0,0,0,0,0,0,0,0,0,0,0,0,0,0,0,0,0,0,0,0,0,0,0,0,9,4,0,0,23,8,3,0,0,0,0,0,0,3,1,2,4,1,2,0,1,0,0,0,0,0,0,0,0,0,0,0,0,0,0,0,0,0,0,0,0,0,0,1
2008,obama0509.txt,Democrat,4,1,0,1,0,0,0,0,0,0,0,0,0,0,0,0,0,0,0,0,0,0,0,0,0,0,0,0,0,0,0,0,0,1,0,0,0,16,0,4,2,0,0,0,0,0,1,0,0,0,0,0,0,0,0,0,0,0,0,0,0,0,0,0,0,0,0,0,0,0,0,0,0,0,0,0,1
2008,obama0512.txt,Democrat,19,11,0,1,0,0,0,0,0,0,0,0,0,0,1,0,0,0,0,0,0,0,0,0,0,0,0,0,0,0,0,0,0,13,3,0,0,25,2,2,3,0,0,0,0,0,2,2,2,1,2,0,0,0,0,0,0,0,0,0,0,0,0,0,0,0,1,0,0,0,0,1,0,0,0,0,1
2008,obama0514.txt,Democrat,12,4,0,1,0,0,0,0,0,0,0,0,0,0,0,0,0,0,0,0,0,0,0,0,0,0,0,0,0,0,0,0,0,3,1,0,0,10,5,0,3,0,1,0,0,0,0,1,0,2,0,0,0,0,0,0,0,0,0,0,0,0,0,0,0,0,3,1,0,0,1,0,0,0,0,0,1
2008,obama0520.txt,Democrat,15,12,0,1,0,0,0,0,0,1,0,0,0,0,0,0,0,0,0,0,0,0,1,0,0,0,0,0,0,0,0,0,1,3,1,0,0,10,0,1,0,0,0,0,0,0,0,5,1,1,0,1,0,0,0,0,0,0,0,0,0,0,0,0,0,0,0,0,0,0,0,1,0,0,0,0,1
2008,obama0523.txt,Democrat,23,10,1,2,1,0,0,1,1,0,0,0,0,0,0,0,0,0,0,0,0,2,5,0,0,0,0,0,0,0,0,0,0,16,1,0,0,20,2,2,3,0,0,0,0,0,5,5,2,5,2,0,0,0,0,0,0,0,0,0,0,0,0,0,0,0,3,0,1,0,0,0,0,1,0,0,1
2008,obama0525.txt,Democrat,22,15,0,1,0,0,0,0,0,0,0,2,1,0,0,0,0,0,0,0,0,1,0,0,0,0,0,0,0,0,0,0,0,20,8,2,0,59,2,0,2,3,1,1,0,0,2,9,0,1,0,1,1,0,0,1,0,0,0,0,0,0,0,0,0,0,3,1,1,0,0,0,0,0,0,0,1
2008,obama0526.txt,Democrat,7,12,0,0,0,0,0,0,0,0,0,0,0,0,0,0,0,0,0,0,0,0,0,0,0,0,0,0,0,0,0,0,3,3,1,0,0,14,0,1,0,0,0,0,0,0,1,0,1,0,0,0,1,0,0,0,0,0,0,0,0,0,0,0,0,0,0,0,1,0,0,0,0,0,0,0,1
2008,obama0602.txt,Democrat,4,5,0,1,0,0,0,0,0,0,0,0,0,0,0,0,0,0,0,0,0,0,0,0,0,0,0,0,0,0,0,0,0,0,1,0,1,6,1,1,0,0,3,0,0,0,1,0,0,0,0,0,0,0,0,0,0,0,0,0,0,0,0,0,0,0,1,0,0,0,0,0,0,0,0,0,1
2008,obama0603.txt,Democrat,18,8,0,0,0,0,0,0,1,0,0,0,0,0,0,0,0,0,0,0,0,0,2,0,0,0,0,0,0,0,0,0,0,3,2,1,1,20,1,3,1,0,0,0,0,0,1,1,4,1,0,1,0,1,0,0,0,0,0,1,0,0,0,0,0,0,0,1,0,0,0,0,0,0,0,0,1
2008,obama0604.txt,Democrat,22,8,0,2,1,0,0,2,0,0,0,0,0,0,0,0,0,0,0,0,0,2,0,0,0,0,0,0,0,0,0,0,0,18,3,0,0,66,0,0,2,1,0,0,0,0,1,5,2,2,2,0,1,0,0,0,0,0,1,0,0,0,1,0,0,0,1,1,0,1,1,0,0,1,0,0,1
2008,obama0605.txt,Democrat,2,7,0,2,0,0,0,0,0,0,0,0,0,0,0,0,0,0,0,0,0,0,1,0,0,0,0,0,0,0,0,0,0,5,2,0,0,14,4,5,1,1,0,0,0,0,1,3,2,0,0,0,0,1,0,0,0,0,0,0,0,0,0,1,0,0,5,0,0,0,1,0,0,0,0,0,1
2008,obama0609.txt,Democrat,21,21,1,1,0,0,0,0,0,0,0,0,0,0,0,0,0,0,0,0,0,0,0,0,0,0,0,0,0,0,0,0,0,9,2,1,0,27,1,6,13,0,0,0,0,0,3,5,4,1,1,0,0,1,0,0,0,0,0,1,0,0,1,0,0,0,2,0,0,0,1,1,0,0,0,0,1
2008,obama0615.txt,Democrat,14,17,0,3,1,1,0,0,0,0,0,0,0,0,0,0,0,0,0,0,0,0,0,0,0,0,0,0,0,1,0,0,0,18,5,1,1,40,3,1,1,0,0,0,0,0,3,2,1,1,0,1,0,0,0,0,0,0,0,0,0,0,0,0,0,0,0,1,0,0,0,0,0,1,0,0,1
2008,obama0616.txt,Democrat,32,18,0,3,3,0,0,0,0,0,0,0,0,0,1,0,0,0,0,0,0,1,1,0,1,0,0,0,0,0,0,0,0,8,1,0,0,33,1,1,8,0,2,1,0,0,0,8,0,1,3,4,0,1,0,0,0,0,0,0,0,0,1,0,0,0,5,1,0,0,1,0,0,0,0,0,1
2008,obama0621.txt,Democrat,16,8,0,0,0,0,0,0,0,0,0,0,0,0,0,0,0,0,0,0,0,1,0,0,0,0,0,0,0,0,0,0,0,4,8,0,1,17,4,2,4,0,0,0,0,0,0,6,0,1,0,1,0,0,0,1,0,0,0,0,0,0,0,0,0,0,1,1,0,0,0,0,0,1,0,0,1
2008,obama0623.txt,Democrat,6,8,0,0,0,0,0,0,0,0,0,0,0,0,0,0,0,0,0,0,0,0,0,0,0,0,0,0,0,0,0,0,0,5,2,0,0,18,1,1,12,0,0,0,0,0,0,3,2,0,0,0,0,0,0,0,0,0,0,0,0,0,0,1,0,0,0,0,0,0,0,0,0,1,0,0,1
2008,obama0624.txt,Democrat,13,6,0,2,0,0,0,0,0,0,0,0,0,0,0,0,0,0,0,0,0,0,0,0,0,0,0,0,0,0,0,0,0,2,0,1,0,27,2,1,0,0,0,0,0,0,3,0,3,3,0,0,0,1,0,0,0,0,0,0,0,0,0,0,0,0,1,0,0,0,0,0,0,0,0,0,1
2008,obama0628.txt,Democrat,3,6,0,0,0,0,0,0,0,0,0,0,0,0,0,0,0,0,0,0,0,0,1,0,0,0,0,1,0,0,0,0,1,10,2,0,0,28,0,0,0,0,0,0,0,0,1,2,1,0,0,0,0,0,0,0,0,1,0,0,0,0,0,0,0,0,1,0,0,0,0,0,0,0,0,0,1
2008,obama0630.txt,Democrat,16,30,0,5,0,0,0,0,0,0,0,0,1,0,0,0,0,0,1,0,0,0,0,0,1,0,0,1,0,0,0,0,0,22,10,0,1,33,2,0,0,0,3,2,0,0,2,4,1,1,1,0,0,1,1,0,0,1,0,1,0,0,0,0,0,0,0,0,1,0,1,0,0,1,0,0,1
2008,obama0701.txt,Democrat,8,9,0,0,1,0,0,0,0,0,0,0,0,0,0,0,0,0,0,0,0,0,0,0,0,0,0,0,0,0,0,0,0,7,4,0,0,14,5,1,2,0,1,0,0,0,2,1,0,1,1,4,0,0,1,1,0,0,0,0,0,0,0,0,0,0,2,0,0,0,0,0,0,0,0,0,1
2008,obama0703.txt,Democrat,12,8,0,1,0,0,0,0,0,0,0,0,0,0,0,0,0,0,0,0,0,0,0,0,0,0,0,0,0,0,0,0,0,12,1,0,0,15,1,2,3,0,0,0,0,0,4,2,2,1,1,0,0,0,0,0,0,0,0,0,0,0,0,0,0,0,0,0,0,0,0,1,0,0,0,0,1
2008,obama0707.txt,Democrat,18,7,0,0,0,0,0,0,0,0,0,0,0,0,0,0,0,0,0,0,0,0,0,0,1,0,0,0,0,0,0,0,0,7,0,0,0,21,3,2,7,0,0,0,0,0,2,5,1,0,0,0,0,0,0,0,0,0,0,0,0,0,0,0,0,0,0,0,0,0,0,0,0,0,0,0,1
2008,obama0708.txt,Democrat,11,7,0,2,0,1,0,0,0,0,0,0,0,0,0,0,0,0,0,0,0,0,1,0,0,0,0,1,0,0,0,0,0,10,4,0,0,31,3,2,0,0,0,0,0,0,4,4,1,1,0,0,1,0,0,0,0,0,0,0,0,0,1,0,0,0,1,1,0,0,0,0,0,1,0,0,1
2008,obama0710.txt,Democrat,14,10,0,1,0,0,0,0,0,0,0,0,0,0,0,0,0,0,0,0,0,0,0,0,0,0,0,0,0,0,0,0,0,8,4,0,0,27,2,3,11,0,0,1,0,0,0,3,1,0,0,0,0,0,1,0,0,0,0,0,0,0,0,0,0,0,1,1,1,0,0,0,0,0,0,0,1
2008,obama0710b.txt,Democrat,13,19,0,1,0,0,0,0,0,0,0,0,0,0,0,0,0,0,0,0,0,0,0,0,0,0,0,0,0,0,0,0,0,11,2,0,0,27,2,5,0,0,0,0,0,0,1,3,1,0,0,0,0,0,1,0,0,0,0,0,0,0,0,0,0,0,2,2,1,0,0,0,0,0,0,0,1
2008,obama0711.txt,Democrat,10,6,0,1,0,0,0,1,0,0,0,0,0,0,0,0,0,0,0,0,0,1,0,0,0,0,0,0,0,0,0,0,0,3,2,0,0,17,2,6,4,2,0,1,0,0,3,3,2,1,0,0,0,0,0,0,0,0,0,0,0,0,0,1,0,0,0,1,0,0,0,1,0,0,0,0,1
2008,obama0713.txt,Democrat,10,11,0,1,0,0,0,0,0,0,0,1,0,0,0,0,0,0,0,0,0,0,0,0,0,0,0,0,0,0,0,0,0,6,6,0,0,30,2,4,0,0,0,0,0,1,1,2,2,2,0,0,0,0,0,0,0,0,0,0,0,0,0,0,0,0,0,0,1,0,0,0,0,0,0,0,1
2008,obama0714.txt,Democrat,17,9,0,2,0,0,0,0,0,0,0,0,0,0,0,0,0,0,0,0,0,0,0,0,0,0,0,0,0,0,0,0,0,4,5,0,0,23,3,5,5,0,0,0,1,0,1,2,0,1,1,0,2,0,0,0,0,0,0,0,0,0,1,0,0,0,6,1,0,0,0,0,0,0,0,0,1
2008,obama0715.txt,Democrat,19,13,0,3,1,0,0,3,0,0,0,0,0,0,0,0,0,0,0,0,0,2,0,3,0,0,1,0,0,0,0,0,1,11,2,0,0,33,1,2,7,0,1,0,0,0,0,9,1,7,3,0,0,0,0,0,0,0,1,0,0,0,0,0,0,0,4,3,1,0,0,0,0,0,0,0,1
2008,obama0716.txt,Democrat,7,8,1,0,0,0,0,3,0,0,0,0,0,0,0,0,0,0,0,0,0,3,0,0,1,0,0,0,0,0,0,0,1,4,1,0,0,6,0,4,6,1,1,0,0,0,1,3,1,1,0,0,0,0,0,1,0,1,1,0,0,0,0,0,0,0,0,1,0,0,0,0,0,0,0,0,1
2008,obama0724.txt,Democrat,12,8,0,3,0,0,0,2,0,0,0,0,0,0,0,0,0,0,0,0,0,0,2,0,0,0,0,0,0,0,0,0,0,10,3,0,0,10,1,0,0,0,1,0,0,0,0,0,8,0,0,0,0,0,0,0,1,0,1,0,0,0,0,0,1,0,0,1,1,0,1,0,0,0,0,0,1
2008,obama0730.txt,Democrat,6,16,0,1,0,0,0,0,0,0,0,0,0,0,0,0,0,0,0,0,0,0,0,0,0,0,0,0,0,0,0,0,0,6,1,0,0,3,2,2,6,0,0,0,0,0,3,0,1,0,0,1,0,0,0,0,0,0,0,0,0,0,0,0,0,0,0,0,0,0,0,0,0,0,0,0,1
2008,obama0731.txt,Democrat,9,2,0,0,0,0,0,0,0,0,0,0,0,0,0,0,0,0,0,0,0,0,0,0,0,0,0,0,0,0,0,0,0,7,0,0,0,9,2,6,2,1,0,0,0,0,1,3,1,1,1,1,0,1,0,0,0,0,0,0,0,0,0,0,0,0,3,0,0,0,0,0,0,0,0,0,1
2008,obama0801.txt,Democrat,10,15,0,2,0,0,0,0,0,0,0,0,0,0,0,0,0,0,0,0,0,0,0,0,1,0,0,0,0,0,0,0,0,10,3,0,0,8,4,3,1,0,0,0,0,0,7,2,0,0,1,2,0,0,0,0,0,0,0,0,0,0,0,0,0,0,1,0,0,0,0,0,0,0,0,0,1
2008,obama0802.txt,Democrat,8,13,0,3,0,0,0,0,0,0,0,0,0,0,0,0,0,0,0,0,0,0,0,0,0,0,0,0,0,0,0,0,0,7,5,0,0,30,6,3,2,0,0,1,0,0,1,2,0,0,0,0,1,0,1,0,0,0,0,0,0,0,1,0,0,0,2,0,1,0,0,0,0,0,0,0,1
2008,obama0802b.txt,Democrat,5,12,0,2,0,0,0,0,0,0,0,0,0,0,0,0,0,0,0,0,0,0,0,0,1,0,0,0,0,0,0,0,0,6,3,0,0,9,2,1,5,0,0,0,0,0,5,1,0,0,0,2,0,0,0,0,0,0,0,0,0,0,0,0,0,0,1,0,0,0,0,0,0,1,0,0,1
2008,obama0804.txt,Democrat,15,17,0,4,0,0,0,0,0,0,0,0,0,0,0,0,0,0,0,0,0,0,0,1,0,0,0,0,0,0,0,0,0,2,3,0,0,34,0,3,3,0,0,0,0,0,1,6,2,4,0,1,0,1,1,0,0,0,0,0,0,0,0,0,0,0,0,0,0,0,1,1,0,1,0,0,1
2008,obama0805.txt,Democrat,9,6,0,5,0,0,0,0,0,0,0,0,0,0,0,0,0,0,0,0,0,0,0,0,0,0,0,0,0,0,0,0,0,1,2,0,0,17,2,2,1,0,0,0,0,0,0,4,1,1,0,1,0,1,0,0,0,0,0,0,0,0,0,0,0,0,0,0,0,0,0,0,0,0,0,0,1
2008,obama0806.txt,Democrat,14,9,0,4,0,0,0,0,0,0,0,0,0,0,0,0,0,0,0,0,0,0,0,0,0,0,0,0,0,0,0,0,0,3,3,0,0,14,2,0,1,0,0,0,0,0,0,5,0,1,0,1,0,0,0,0,0,0,0,0,0,0,0,0,0,0,1,0,0,0,0,0,0,0,0,0,1
2008,obama0819.txt,Democrat,9,9,0,2,0,0,0,0,0,0,0,0,0,0,0,0,0,0,0,0,0,2,0,0,0,0,0,0,0,0,0,0,0,26,6,0,0,46,2,7,4,0,0,0,0,0,2,7,3,1,2,3,0,1,0,0,0,0,0,0,0,0,1,0,0,0,3,1,0,0,0,0,0,0,0,0,1
2008,obama0823.txt,Democrat,6,1,0,0,0,0,0,1,0,0,0,0,1,0,0,0,0,0,0,0,0,0,0,0,0,0,2,0,0,0,0,0,0,6,6,0,0,18,0,3,0,0,0,0,0,0,0,4,0,0,0,0,0,0,0,0,0,0,0,0,0,0,1,0,0,0,5,0,0,0,0,0,0,0,0,0,1
2008,obama0906.txt,Democrat,7,6,0,1,0,0,0,0,0,0,0,0,0,0,0,0,0,0,0,0,0,0,0,0,0,0,0,0,0,0,0,0,0,6,2,0,0,15,2,0,2,0,0,0,0,0,1,3,0,0,0,0,0,0,0,0,0,0,0,0,0,0,1,0,0,0,0,0,0,0,0,0,0,0,0,0,1
2008,obama0909.txt,Democrat,33,16,0,6,0,0,0,0,0,0,0,0,0,0,0,0,0,0,0,0,0,0,0,0,0,0,0,0,0,0,0,0,0,12,4,0,0,30,9,1,8,1,0,0,0,0,2,4,1,2,1,0,0,0,0,0,0,0,0,0,0,0,0,0,0,0,5,4,2,0,0,0,0,0,0,0,1
2008,obama0910.txt,Democrat,13,2,0,0,0,0,0,0,0,0,0,0,0,0,0,0,0,0,0,0,0,0,1,0,0,0,1,0,0,0,0,0,0,5,4,0,0,17,7,3,6,0,0,0,0,0,2,0,1,0,0,1,2,1,0,0,0,0,0,0,0,0,0,0,0,0,0,2,0,0,0,0,0,0,0,0,1
2008,obama0912.txt,Democrat,8,1,0,0,0,0,0,0,0,0,0,0,0,0,0,0,0,0,0,0,0,0,0,0,0,0,0,0,0,0,0,0,0,12,4,0,0,19,3,2,1,0,0,0,0,0,2,1,2,0,0,3,0,1,0,0,0,0,0,0,0,0,0,0,0,0,3,0,0,0,0,0,0,0,0,0,1
2008,obama0916.txt,Democrat,18,8,0,2,0,0,0,0,0,0,0,0,0,0,0,0,0,0,0,0,0,0,0,0,1,1,0,0,0,0,0,0,0,13,4,0,0,46,2,3,5,0,0,1,0,0,1,4,1,1,0,3,0,0,0,0,0,0,0,0,0,0,0,0,0,0,5,3,0,0,0,0,0,1,0,0,1
2008,obama0917.txt,Democrat,12,6,0,3,0,0,0,0,0,0,0,0,0,0,0,0,0,0,0,0,0,1,0,0,0,0,0,0,0,0,0,0,0,7,5,0,0,45,1,1,6,0,0,0,0,0,3,7,1,2,0,0,0,0,0,0,0,0,0,0,0,0,0,1,0,0,2,0,0,0,0,0,0,0,0,0,1
2008,obama0919.txt,Democrat,5,6,0,0,0,0,0,0,0,0,0,0,0,0,0,0,0,0,0,0,0,3,1,0,0,0,0,0,0,0,0,0,0,1,1,0,0,18,1,0,1,0,0,0,0,0,0,2,0,1,0,0,1,0,0,0,0,0,0,1,0,0,0,0,0,0,0,0,0,0,0,0,0,0,0,0,1
2008,obama0920.txt,Democrat,17,7,0,1,0,0,1,0,0,0,0,0,1,0,0,0,0,0,0,0,0,0,0,0,0,0,0,0,0,0,0,0,0,24,17,0,0,43,10,3,5,0,0,0,0,0,0,2,1,0,1,4,2,0,1,0,0,0,0,0,0,0,1,0,0,0,8,3,1,0,0,0,0,0,0,0,1
2008,obama0921.txt,Democrat,12,2,0,1,0,0,0,0,0,0,0,0,0,0,0,0,0,0,0,0,0,1,0,0,0,1,0,0,0,0,0,0,0,3,1,0,0,26,1,1,5,0,0,0,0,0,0,1,0,1,0,2,0,0,0,0,0,0,0,0,0,0,0,1,0,0,1,0,0,0,0,0,0,0,0,0,1
2008,obama0923.txt,Democrat,5,6,0,4,0,0,0,0,0,0,0,0,0,0,0,0,0,0,0,0,0,0,1,0,0,0,0,0,0,0,0,0,0,0,2,0,0,7,0,0,0,0,0,0,0,0,0,0,0,0,1,0,0,0,0,0,0,0,0,0,0,0,0,0,0,0,0,0,0,0,0,0,0,0,0,0,1
2008,obama0924.txt,Democrat,17,7,0,4,0,0,0,0,0,0,0,0,0,0,0,0,0,0,0,0,0,0,0,0,0,3,0,0,0,0,0,0,0,10,6,0,0,47,2,2,5,1,0,0,0,0,2,3,1,1,0,2,1,0,0,0,0,0,0,0,0,0,0,1,0,0,0,0,0,0,0,0,0,0,0,0,1
2008,obama0925.txt,Democrat,20,6,0,3,0,0,0,0,0,0,0,0,0,0,0,0,0,0,0,0,0,0,0,0,0,2,0,0,0,0,0,0,0,9,6,0,0,42,5,2,6,0,0,0,0,0,2,3,1,1,0,2,0,0,0,0,0,0,0,0,0,0,0,1,0,0,0,0,0,0,0,0,0,0,0,0,1
2008,obama0928.txt,Democrat,19,5,0,3,0,0,0,0,0,0,0,0,0,0,0,0,0,0,0,0,0,0,0,0,0,3,0,0,0,0,0,0,0,10,5,0,0,43,3,2,6,0,0,0,0,0,2,2,1,1,1,2,0,0,0,0,0,0,0,0,0,0,0,2,0,0,0,2,0,0,0,0,0,0,0,0,1
2008,obama0929.txt,Democrat,16,7,0,3,0,0,0,0,0,0,0,0,0,0,0,0,0,0,0,0,0,0,0,0,0,3,0,0,0,0,0,0,0,15,5,1,0,49,2,2,7,0,0,0,0,0,2,4,0,1,1,3,0,0,0,0,0,0,0,1,0,0,0,1,0,0,0,2,0,0,0,0,0,0,0,0,1
2008,obama0930.txt,Democrat,15,19,0,4,0,0,0,0,2,1,0,0,0,0,0,0,0,0,0,0,0,1,1,0,0,2,0,0,0,0,0,0,0,2,1,0,0,43,1,11,8,0,0,0,0,0,4,4,0,2,1,0,0,0,1,0,0,0,0,0,0,0,0,0,0,0,0,0,0,1,0,0,0,1,0,0,1
2008,obama1001.txt,Democrat,20,17,0,5,0,0,0,0,1,1,0,0,0,0,0,0,0,0,0,0,0,0,1,0,0,3,0,0,0,0,0,0,0,11,4,0,0,54,6,6,13,0,0,0,0,0,7,2,0,2,2,2,0,0,1,0,0,0,0,0,0,0,0,0,0,0,4,0,0,1,0,0,0,1,0,0,1
2008,obama1002.txt,Democrat,21,8,0,3,0,0,0,0,0,1,1,0,0,0,0,0,0,0,0,0,0,0,0,0,2,2,0,0,0,0,0,0,0,11,2,0,0,38,8,3,4,0,0,0,0,0,2,3,2,2,0,1,0,0,1,0,0,0,0,0,0,0,0,0,0,0,5,0,0,0,0,0,0,0,0,0,1
2008,obama1003.txt,Democrat,16,10,0,3,0,0,0,0,0,1,1,0,0,0,0,0,0,0,0,0,0,0,0,0,1,1,0,0,0,0,0,0,0,13,7,0,0,33,7,3,1,0,0,0,0,0,2,0,0,1,0,1,0,0,0,0,0,0,0,0,0,0,0,0,0,0,8,0,0,0,0,0,0,0,0,0,1
2008,obama1004.txt,Democrat,25,10,0,4,0,0,0,0,0,0,0,0,0,0,0,0,0,0,0,0,0,1,1,0,1,1,0,0,0,0,0,0,0,12,5,0,0,43,2,1,6,0,2,0,0,0,12,5,0,0,1,1,1,1,0,0,0,0,0,0,0,0,0,0,0,0,4,3,0,0,0,0,0,0,0,0,1
2008,obama1005.txt,Democrat,23,9,0,2,0,0,0,0,0,0,0,0,0,0,0,0,0,0,0,0,0,0,1,0,1,1,0,0,0,0,0,0,0,9,7,0,0,36,5,1,5,0,3,0,0,0,12,5,0,0,2,0,0,0,1,0,0,0,0,0,0,0,0,0,0,0,12,3,0,0,0,0,0,0,0,0,1
2008,obama1009.txt,Democrat,30,14,0,3,0,0,0,0,0,1,0,0,0,0,0,0,0,0,0,0,0,0,0,0,0,2,0,0,0,0,0,0,0,12,3,1,0,47,6,5,6,0,0,0,0,0,3,9,0,2,1,1,0,1,0,0,0,0,0,0,0,0,0,0,0,0,7,0,0,0,0,0,0,0,0,0,1
2008,obama1010.txt,Democrat,26,13,0,4,0,0,0,0,0,1,0,0,0,0,0,0,0,0,0,0,0,1,3,0,0,1,0,1,0,0,0,0,1,14,2,0,0,36,9,5,8,0,0,0,0,0,3,8,1,3,3,3,0,2,0,0,0,0,0,0,0,0,0,0,0,0,13,0,0,0,0,0,0,1,0,0,1
2008,obama1011.txt,Democrat,17,7,0,3,0,0,0,0,0,0,0,0,0,0,0,0,0,0,0,0,0,0,1,0,0,0,0,0,0,0,0,0,0,10,3,0,0,19,5,1,5,0,0,0,0,0,3,1,0,2,1,2,0,1,0,0,0,0,0,0,0,0,0,0,0,0,4,1,0,0,0,0,0,1,0,0,1
2008,obama1013.txt,Democrat,21,18,0,8,0,0,0,0,0,1,1,0,0,0,0,0,0,0,0,0,0,1,0,0,0,0,0,0,0,0,0,0,1,9,1,0,0,25,7,6,2,0,0,0,0,0,3,4,1,1,6,1,0,1,0,0,0,0,0,0,0,0,0,0,0,0,3,0,0,0,0,0,0,0,0,0,1
2008,obama1016a.txt,Democrat,15,10,0,1,0,0,0,0,0,0,0,1,0,0,0,0,0,0,0,0,0,0,0,0,2,0,0,0,0,0,0,0,0,16,5,1,0,56,12,3,1,4,1,0,0,1,0,1,1,0,2,1,1,0,1,0,0,0,0,0,0,0,1,0,0,0,2,0,0,0,0,0,0,0,0,0,1
2008,obama1016b.txt,Democrat,23,18,0,5,0,0,0,0,0,1,0,0,0,0,0,0,0,0,0,0,0,1,0,0,0,0,0,0,0,0,0,0,0,11,4,0,0,45,8,5,8,0,0,0,0,0,4,9,0,1,3,1,0,1,0,0,0,0,0,0,0,0,0,0,0,0,10,0,0,0,0,0,0,0,0,0,1
2008,obama1017.txt,Democrat,24,17,0,4,0,0,0,0,0,1,0,0,0,0,0,0,0,0,0,0,0,0,0,0,0,0,0,0,0,0,0,0,0,11,6,0,0,47,8,5,7,0,0,0,0,0,4,9,0,1,3,1,0,1,0,0,0,0,0,0,0,0,0,0,0,0,11,0,0,0,0,0,0,0,0,0,1
2008,obama1018.txt,Democrat,25,18,0,4,0,0,0,0,0,1,0,0,0,0,0,0,0,0,0,0,0,0,0,0,0,0,0,0,0,0,0,0,0,18,7,0,0,41,8,5,10,0,0,0,0,0,3,9,1,1,3,1,0,1,0,0,0,0,0,0,0,0,0,0,0,0,11,0,0,0,0,0,0,2,0,0,1
2008,obama1019.txt,Democrat,22,18,0,4,0,0,0,0,1,1,0,0,0,0,0,0,0,0,0,0,0,0,1,0,0,0,0,0,0,0,0,0,0,14,4,0,0,42,3,1,6,1,0,0,0,0,2,6,1,0,1,2,1,1,0,0,0,0,0,0,0,0,0,0,0,0,4,0,0,0,0,0,0,0,0,0,1
2008,obama1020.txt,Democrat,30,20,0,5,0,0,0,0,1,1,0,0,0,0,0,0,0,0,0,0,0,0,1,0,0,1,0,0,0,0,0,0,0,19,4,0,0,54,5,2,7,0,0,0,0,0,4,8,2,0,1,1,0,1,0,0,0,0,0,0,0,0,0,0,0,0,8,0,0,0,0,0,0,0,0,0,1
2008,obama1021a.txt,Democrat,10,6,0,3,0,0,0,0,0,0,0,0,0,0,0,0,0,0,0,0,0,1,0,0,0,3,0,0,0,0,0,0,0,0,1,0,0,14,4,2,4,1,0,0,0,0,0,3,0,0,1,0,0,0,0,0,0,0,0,0,0,0,0,0,0,0,1,0,0,0,0,0,0,0,0,0,1
2008,obama1021b.txt,Democrat,25,19,0,4,0,0,0,0,1,1,0,0,0,0,0,0,0,0,0,0,0,0,1,0,0,1,0,0,0,0,0,0,0,18,5,0,0,46,5,3,8,0,0,0,0,0,5,6,1,0,2,2,0,1,0,0,0,0,0,0,0,0,0,0,0,0,5,1,0,0,0,0,0,0,0,0,1
2008,obama1022a.txt,Democrat,1,1,0,1,0,0,0,0,0,0,0,0,0,0,0,0,0,0,0,0,0,0,0,0,0,0,0,0,0,0,0,0,0,1,2,0,0,7,2,1,1,1,0,0,0,0,0,1,1,1,0,0,0,0,0,0,0,0,0,0,0,0,0,0,0,0,4,0,0,0,0,0,0,0,0,0,1
2008,obama1022b.txt,Democrat,21,19,0,5,0,0,0,0,1,1,0,0,0,0,0,0,0,0,0,0,0,0,1,0,0,0,0,0,0,0,0,0,0,18,4,0,0,40,4,1,7,0,0,0,0,0,4,6,1,0,2,1,0,1,0,0,0,0,0,0,0,0,0,0,0,0,6,0,0,0,0,0,0,0,0,0,1
2008,obama1023.txt,Democrat,24,18,0,5,0,0,0,0,1,1,0,0,0,0,0,0,0,0,0,0,0,0,1,0,0,0,0,0,0,0,0,0,0,17,5,0,0,47,6,2,6,0,0,0,0,0,5,5,1,0,2,1,0,1,0,0,0,0,0,0,0,0,0,0,0,0,3,0,0,0,0,0,0,0,0,0,1
2008,obama1024.txt,Democrat,7,3,0,0,0,0,0,0,0,0,0,1,0,0,0,0,0,0,0,0,0,0,0,0,1,0,0,0,0,0,0,0,0,3,3,0,0,8,0,2,0,0,0,0,0,0,0,4,1,0,0,0,1,0,0,0,0,1,0,0,0,0,0,0,0,0,2,0,0,0,0,0,0,0,0,0,1
2008,obama1025.txt,Democrat,24,18,0,5,0,0,1,0,1,1,0,0,0,0,0,0,0,0,0,0,0,0,1,0,0,1,0,0,0,0,0,0,0,15,6,0,0,42,2,1,7,0,0,0,0,0,4,5,1,0,2,1,0,1,0,0,0,0,0,0,0,0,0,0,0,0,8,0,0,0,0,0,0,0,0,0,1
2008,obama1026.txt,Democrat,27,17,0,5,0,0,0,0,1,1,0,0,0,0,0,0,0,0,0,0,0,0,1,0,0,1,0,0,0,0,0,0,0,15,6,0,0,41,4,1,7,0,0,0,0,0,4,5,2,0,2,1,0,1,0,0,0,0,0,0,0,0,0,0,0,0,7,0,0,0,0,0,0,0,0,0,1
2008,obama1027.txt,Democrat,28,22,0,2,0,0,0,0,1,1,0,0,0,0,0,0,0,0,0,0,0,0,3,0,0,1,0,0,0,0,0,0,0,6,8,0,0,45,2,6,3,0,1,0,0,0,5,5,4,2,1,2,0,2,1,0,0,0,0,0,0,0,0,0,0,0,2,0,0,0,0,0,0,0,0,0,1
2008,obama1028.txt,Democrat,27,20,0,1,0,0,0,0,1,1,0,0,0,0,0,0,0,0,0,0,0,0,3,0,0,1,0,0,0,0,0,0,0,8,9,0,0,41,3,6,0,0,1,0,0,0,5,5,3,2,1,2,1,2,1,0,0,0,0,0,0,0,0,0,0,0,2,0,0,0,1,0,0,0,0,0,1
2008,obama1029.txt,Democrat,31,21,0,2,0,0,0,0,1,1,0,0,0,0,0,0,0,0,0,0,0,0,3,0,0,2,0,0,0,0,0,0,0,11,10,0,0,49,6,7,4,0,1,0,0,1,6,6,3,2,1,1,0,2,1,0,0,0,0,0,0,0,0,0,0,0,2,0,0,0,0,0,0,0,0,0,1
2008,obama1030a.txt,Democrat,20,22,0,1,0,0,0,0,1,1,0,0,0,0,0,0,0,0,0,0,0,0,3,0,0,1,0,0,0,0,0,0,0,8,6,0,0,40,2,7,3,0,1,0,0,0,5,6,5,2,1,3,0,2,1,0,0,0,0,0,0,0,0,0,0,0,2,0,0,0,1,0,0,0,0,0,1
2008,obama1030b.txt,Democrat,24,32,0,1,0,0,0,0,1,0,0,0,0,0,0,0,0,0,0,0,0,0,2,0,0,1,0,0,0,0,0,0,0,8,13,0,0,49,15,9,1,0,1,0,0,0,7,6,6,2,0,2,0,3,0,1,0,0,0,0,0,0,0,0,0,0,25,0,0,0,1,0,0,0,0,0,1
2010,gov20090217.txt,Democrat,1,2,1,0,0,0,0,0,0,0,0,0,0,0,0,0,0,0,0,0,0,0,0,0,0,0,0,0,0,0,0,0,0,2,0,0,0,2,0,0,0,0,0,1,0,0,0,0,0,1,1,0,0,0,0,0,0,0,0,0,0,0,0,0,0,0,1,0,1,0,0,0,0,0,0,0,1
2010,gov20090224.txt,Democrat,40,31,3,4,1,0,0,1,0,0,1,0,0,0,0,0,0,0,0,0,0,4,1,0,0,0,1,1,0,0,0,0,1,8,9,1,0,69,4,2,0,1,0,0,0,0,1,8,2,5,3,1,2,1,0,1,0,1,0,0,0,0,0,1,0,0,0,1,1,0,0,2,0,0,0,0,1
2010,gov20090306.txt,Democrat,5,3,0,0,0,0,0,0,0,0,0,0,0,0,0,0,0,0,0,0,0,1,0,0,1,0,0,0,0,0,0,0,0,2,2,0,0,25,1,0,4,0,0,0,0,0,1,3,4,0,0,1,0,0,0,0,0,0,0,0,0,0,0,0,0,0,0,0,0,0,0,0,0,1,0,0,1
2010,gov20090409.txt,Democrat,5,3,0,1,0,0,0,0,0,0,0,0,0,0,0,0,0,0,0,0,0,0,0,0,0,0,0,0,0,0,0,0,0,5,1,0,0,16,4,1,0,0,0,0,0,0,3,1,1,0,0,0,1,0,0,0,0,0,0,0,0,0,0,0,0,0,1,0,0,0,0,0,0,0,0,0,1
2010,gov20090430.txt,Democrat,12,3,0,1,0,0,0,0,0,0,0,0,0,0,0,0,0,0,0,0,0,0,0,0,0,0,0,0,0,0,0,0,0,5,1,0,0,27,1,3,0,0,1,0,0,0,1,1,0,0,1,0,0,0,0,0,0,0,0,0,0,0,1,0,0,0,3,3,0,0,0,0,0,0,0,0,1
2010,gov20090527.txt,Democrat,13,7,0,0,0,0,0,0,0,0,0,0,0,0,0,0,0,0,0,0,0,0,0,0,0,0,0,0,0,0,0,0,0,1,3,0,0,13,4,2,0,0,0,0,0,0,0,0,0,0,1,0,1,0,0,0,0,0,0,0,0,0,1,0,0,0,6,3,1,0,0,0,0,0,0,0,1
2010,gov20090707.txt,Democrat,10,8,0,2,0,1,0,0,0,0,0,0,0,0,0,0,0,0,0,0,0,1,0,0,0,0,0,0,0,0,0,0,0,5,5,1,0,31,3,1,0,0,0,0,0,0,1,1,0,0,0,0,0,0,1,0,0,0,0,0,0,0,0,0,0,0,3,0,0,0,0,0,0,1,0,0,1
2010,gov20090909.txt,Democrat,27,33,0,8,1,0,0,0,0,0,0,0,0,0,0,0,0,0,0,0,0,3,1,0,0,0,0,0,0,0,0,0,0,11,8,0,0,49,7,6,0,0,2,0,0,0,7,5,0,1,5,1,0,0,0,2,0,2,0,0,0,0,0,0,0,0,0,0,0,0,0,0,0,3,0,0,1
2010,gov20091209.txt,Democrat,5,7,0,0,0,0,0,0,0,0,0,0,0,0,0,0,0,0,0,0,0,0,0,0,0,0,0,0,0,0,0,0,0,1,1,0,0,10,2,0,0,0,0,0,0,0,1,0,0,1,0,0,0,0,0,0,0,0,0,0,0,0,0,0,0,0,1,0,0,0,0,0,0,0,0,0,1
2010,gov20100107.txt,Democrat,10,4,0,1,0,1,1,0,0,0,0,0,0,0,0,0,0,0,0,0,0,2,0,0,0,0,0,0,0,0,0,0,0,8,2,0,0,12,6,4,0,0,2,0,0,0,0,4,0,1,1,0,0,0,2,0,0,0,0,0,0,0,0,0,0,0,2,1,0,0,0,0,0,0,0,0,1
2010,gov20100127.txt,Democrat,42,30,0,4,0,0,0,0,0,0,0,0,0,0,0,0,0,0,0,0,0,2,2,0,0,0,0,0,0,4,0,1,0,10,11,0,0,77,14,7,3,4,1,0,0,0,11,16,5,3,5,2,2,1,1,1,1,0,0,0,0,0,0,0,0,0,5,2,2,0,1,0,0,0,0,0,1
2010,gov20100514.txt,Democrat,6,7,0,0,0,0,0,0,0,0,0,0,0,1,0,0,0,0,0,0,0,0,0,0,0,0,0,0,0,0,0,0,0,2,3,0,0,6,1,0,0,0,0,0,0,0,1,0,0,0,0,0,0,0,0,0,0,0,0,0,0,0,0,0,0,0,0,1,0,0,0,0,0,0,0,0,1
2010,gov20100611.txt,Democrat,10,1,0,1,0,0,0,0,0,0,0,0,0,0,0,0,0,0,0,0,0,0,0,0,0,0,0,0,0,0,0,0,0,2,3,0,0,3,4,1,1,0,0,0,0,0,0,2,0,1,2,0,0,0,1,0,0,0,0,0,0,0,0,0,0,0,2,0,0,0,0,0,0,0,0,0,1
2010,gov20101008.txt,Democrat,4,2,0,1,0,0,0,0,0,0,0,0,0,0,0,0,0,0,0,0,0,0,0,0,1,0,0,0,0,0,0,0,0,1,0,0,0,13,2,2,0,0,0,0,0,0,0,4,1,0,1,0,0,0,0,0,0,0,0,0,0,0,0,0,0,0,3,0,0,0,0,0,0,1,0,0,1
2010,gov20110125.txt,Democrat,47,23,0,8,0,0,0,0,0,0,0,0,0,0,0,0,0,0,0,0,0,1,0,0,0,0,1,0,0,0,0,0,0,5,5,0,1,50,10,5,0,1,0,0,0,0,6,14,2,3,4,1,0,0,1,0,0,0,1,0,0,0,0,0,0,0,0,0,1,0,1,0,0,2,0,0,1
2010,gov20110218.txt,Democrat,9,8,0,0,0,0,0,0,0,0,0,0,0,0,0,0,0,0,0,0,0,0,0,0,0,0,0,0,0,0,0,0,0,8,6,1,0,29,4,2,0,0,0,0,0,0,4,1,2,1,2,0,0,0,0,0,0,0,0,0,0,0,0,0,0,0,3,0,0,0,0,0,0,1,0,0,1
2010,gov20110328.txt,Democrat,12,4,0,3,0,0,0,0,1,0,0,0,0,0,0,0,0,0,0,0,0,10,2,0,0,0,0,0,0,0,0,0,0,4,2,0,0,22,1,2,0,1,1,0,0,0,2,3,1,2,1,0,0,1,0,1,0,0,0,0,0,0,1,0,0,0,4,1,0,1,1,0,0,0,0,0,1
2010,gov20110517.txt,Democrat,2,0,0,0,0,0,0,0,0,0,0,0,0,0,0,0,0,0,0,0,0,0,0,0,0,0,0,0,0,0,0,0,0,0,1,0,2,10,0,0,0,0,0,0,0,0,0,1,1,0,0,0,0,0,0,0,0,0,0,0,0,0,0,0,0,0,1,0,0,0,0,0,0,0,0,0,1
2010,gov20110624.txt,Democrat,15,8,0,0,0,0,0,0,0,0,0,0,0,0,0,0,0,0,0,0,0,0,0,0,0,0,0,0,0,0,0,0,0,3,1,0,0,10,3,1,1,0,0,0,0,0,1,2,2,4,1,1,0,0,0,1,0,0,0,0,0,0,1,0,0,0,7,0,0,0,0,0,0,1,0,0,1
2010,gov20110908.txt,Democrat,16,13,1,0,0,0,0,0,0,0,0,0,0,0,0,0,0,0,0,0,0,4,0,0,0,0,0,0,0,0,0,0,0,3,0,0,0,26,1,6,3,0,0,0,0,0,3,4,3,1,0,1,0,1,0,0,0,0,0,0,0,0,0,1,0,0,5,0,0,0,1,0,0,0,0,0,1
2010,gov20110928.txt,Democrat,16,19,0,0,0,2,0,0,0,0,0,0,0,0,0,0,0,0,0,0,1,0,0,0,0,0,0,0,0,0,0,0,1,3,7,1,0,52,4,2,0,1,0,0,0,0,3,4,1,2,0,0,0,0,0,0,0,0,0,0,0,0,0,0,0,0,11,1,0,0,0,0,0,0,0,0,1
2010,gov20111206.txt,Democrat,27,33,0,2,2,0,0,0,0,0,2,0,0,1,0,0,0,0,0,0,0,0,1,0,0,1,0,0,0,0,0,0,0,12,2,0,0,22,4,4,2,0,0,0,0,0,11,7,5,1,1,3,0,0,0,0,0,1,0,0,0,0,0,0,0,0,2,0,0,0,1,0,0,0,0,0,1
2010,gov20120119.txt,Democrat,10,2,0,1,0,0,0,0,0,0,0,0,0,0,0,0,0,0,0,0,0,0,0,0,0,0,0,0,0,0,0,0,0,5,5,0,0,17,0,0,0,0,0,0,0,0,1,2,1,0,0,1,0,0,0,0,0,0,0,0,0,0,0,0,0,0,10,2,0,0,0,0,0,0,0,0,1
2010,gov20120124.txt,Democrat,32,36,0,4,2,0,0,0,0,0,0,0,0,0,0,0,0,0,0,0,0,3,0,0,0,0,0,0,0,0,0,0,0,18,13,0,0,50,15,7,0,0,0,0,0,0,9,5,5,4,1,1,4,0,1,0,0,0,0,0,0,0,0,1,0,0,1,2,0,0,0,0,0,0,0,0,1
2010,gov20120127.txt,Democrat,18,10,0,2,0,1,0,0,0,0,0,0,0,0,0,0,0,0,0,0,0,0,0,0,0,0,0,0,0,0,0,0,0,3,8,0,0,31,2,1,0,0,0,0,0,0,3,3,2,0,3,0,0,0,0,0,0,0,0,0,0,0,0,0,0,0,32,1,0,1,0,0,0,0,0,0,1
2010,gov20120202.txt,Democrat,20,28,0,0,1,1,0,0,0,0,0,0,0,0,0,0,0,0,0,0,0,1,0,0,0,0,0,0,0,0,0,0,0,21,14,1,1,52,6,2,0,1,0,0,0,0,0,1,0,0,0,0,1,0,0,0,0,0,1,0,0,0,0,0,0,0,6,1,1,0,0,0,0,0,0,0,1
2010,gov20120210.txt,Democrat,4,10,0,2,0,0,0,0,0,0,0,0,0,0,0,0,0,0,0,0,0,0,0,0,0,0,0,0,0,0,0,0,0,2,1,0,0,14,0,1,0,0,0,1,0,0,1,0,0,0,2,0,0,0,1,1,0,0,0,0,0,0,1,0,0,0,2,0,0,0,0,0,0,0,0,0,1
2010,gov20120304.txt,Democrat,17,5,0,1,1,0,0,0,0,0,0,0,0,0,0,0,0,0,0,0,0,0,3,0,0,0,0,0,0,0,0,0,1,23,3,0,1,48,8,3,1,0,1,0,0,0,2,2,3,1,2,0,0,0,0,2,0,0,0,0,0,0,1,0,0,0,0,1,0,1,0,0,0,1,0,0,1
2012,obama0127.txt,Democrat,5,0,0,0,0,0,0,0,0,0,0,0,0,0,0,0,0,0,0,0,0,0,0,0,0,0,0,0,0,0,0,0,0,7,1,0,0,14,0,0,0,0,0,0,0,0,1,1,1,0,0,0,0,0,0,0,0,0,0,0,0,0,0,0,0,0,3,0,0,0,0,0,0,0,0,0,1
2012,obama0223.txt,Democrat,13,7,0,1,0,0,0,0,0,0,0,0,0,0,0,0,0,0,0,0,0,1,0,0,0,0,0,0,0,0,0,0,0,7,4,0,0,46,0,0,0,0,0,0,0,0,4,5,4,3,0,0,1,1,0,0,0,0,0,0,0,0,0,0,0,0,21,3,0,0,0,0,0,0,0,0,1
2012,obama0228.txt,Democrat,7,10,0,1,0,0,0,0,0,0,0,0,0,0,0,0,0,0,0,0,0,0,0,0,0,1,0,0,0,0,0,0,0,6,8,3,0,42,3,2,1,1,0,1,0,0,8,5,1,0,1,2,0,2,0,0,0,0,0,0,0,0,0,0,0,0,13,0,1,0,1,0,0,0,0,0,1
2012,obama0301.txt,Democrat,18,17,0,1,0,0,0,0,0,0,0,0,0,0,0,0,0,0,0,0,0,1,0,0,0,0,0,0,0,0,0,0,0,4,5,0,0,39,0,0,0,0,0,0,0,0,5,2,2,1,1,1,1,3,0,0,0,0,0,0,0,0,0,0,0,0,38,3,0,0,0,0,0,0,0,0,1
2012,obama0309.txt,Democrat,16,2,0,0,0,0,0,0,0,0,0,0,0,0,0,0,0,0,0,0,0,0,0,0,0,0,0,0,0,0,0,0,0,2,5,0,0,36,1,2,0,0,0,0,0,0,10,4,0,2,1,1,0,0,0,0,0,0,0,0,0,0,0,0,0,0,14,0,1,0,0,0,0,0,0,0,1
2012,obama0316.txt,Democrat,18,15,0,1,0,0,0,0,0,0,0,4,0,0,0,0,0,0,0,0,0,0,0,0,0,0,0,0,0,0,0,0,0,11,12,0,0,76,11,4,0,1,0,0,0,0,9,2,2,0,1,1,0,0,0,0,0,0,0,0,0,0,0,0,0,0,12,3,0,0,0,0,0,1,0,0,1
2012,obama0410.txt,Democrat,15,9,0,2,0,0,0,0,0,0,0,0,0,0,0,0,0,0,0,0,0,0,0,0,1,0,0,0,0,0,0,0,0,4,4,0,0,13,6,0,0,0,0,0,0,0,3,1,2,0,0,0,0,0,0,0,0,0,0,0,0,0,0,0,0,0,11,1,0,0,0,0,0,0,0,0,1
2012,obama0429.txt,Democrat,24,12,0,0,0,0,0,0,0,0,0,0,0,0,0,0,0,0,0,0,0,0,0,1,0,0,0,0,0,0,0,0,0,6,6,0,0,45,6,6,2,3,0,0,0,0,7,1,5,0,0,2,0,1,0,0,0,0,0,0,0,0,0,0,0,0,30,5,0,0,0,0,0,0,0,0,1
2012,obama0510b.txt,Democrat,14,17,0,1,0,2,0,0,0,0,0,0,0,0,0,0,0,0,0,0,0,0,0,0,0,0,0,0,0,0,0,0,0,9,7,0,0,64,20,1,0,4,0,0,0,0,5,1,3,1,2,0,0,0,0,0,0,0,1,0,0,0,1,0,0,0,22,1,0,0,0,0,0,0,0,0,1
2012,obama0523b.txt,Democrat,21,12,0,0,1,3,0,0,0,0,0,0,0,0,0,0,0,0,0,0,0,0,0,0,0,0,0,0,0,0,0,0,0,12,10,0,0,44,16,3,4,0,0,0,0,0,7,1,3,2,2,1,0,0,0,0,0,0,1,0,0,0,0,0,0,0,32,1,0,0,0,0,0,0,0,0,1
2012,obama0524.txt,Democrat,29,14,0,1,1,0,0,1,0,0,0,0,0,0,0,0,0,0,0,0,0,0,0,0,0,0,0,0,0,0,0,0,0,12,9,0,2,59,18,1,0,4,1,0,0,0,11,1,6,0,4,1,1,0,0,0,0,0,1,0,0,0,0,0,0,0,41,1,1,0,0,0,0,1,0,0,1
2012,obama0601b.txt,Democrat,24,8,0,0,0,0,1,0,0,0,0,0,0,0,0,0,0,0,0,0,0,0,0,0,0,0,0,0,0,0,0,0,1,8,9,2,0,51,6,5,2,0,0,0,0,0,4,4,4,0,2,1,0,1,0,0,0,0,0,0,0,0,0,0,0,0,15,1,0,0,0,0,0,0,0,0,1
2012,obama0604b.txt,Democrat,16,5,0,1,0,1,1,0,1,0,0,0,0,0,0,0,0,0,0,0,0,1,1,0,0,0,0,0,0,0,0,0,0,6,9,0,0,46,8,6,2,3,0,0,0,0,14,2,4,0,3,0,1,0,0,0,0,0,0,0,0,0,0,0,0,0,37,1,0,0,0,0,0,0,0,0,1
2012,obama0606b.txt,Democrat,22,11,0,1,0,0,0,0,0,0,0,0,0,0,0,0,0,0,0,0,0,0,0,0,0,0,0,0,0,0,0,0,0,8,10,0,0,34,5,3,0,0,0,0,0,0,8,2,2,0,0,0,0,1,0,0,0,0,0,0,0,0,0,0,0,0,16,2,0,0,0,0,0,2,0,0,1
2012,obama0612c.txt,Democrat,13,8,0,1,0,2,0,0,0,0,0,0,0,0,0,0,0,0,0,0,0,0,0,0,0,0,0,0,0,0,0,0,0,10,10,3,0,55,19,4,1,4,0,0,0,0,11,2,3,0,7,1,1,0,0,0,0,0,0,0,0,0,0,0,0,0,30,0,1,0,0,0,0,0,0,0,1
2012,obama0614b.txt,Democrat,23,6,0,1,1,0,2,0,0,0,0,0,0,0,0,0,0,0,0,0,0,0,0,1,0,0,0,0,0,0,0,0,0,7,5,0,0,40,6,0,1,0,0,0,0,0,2,3,2,0,1,2,0,0,0,1,0,0,0,0,0,0,1,0,0,0,12,0,0,0,0,0,0,0,0,0,1
2012,obama0625a.txt,Democrat,15,14,0,0,0,1,0,0,0,0,0,0,0,0,0,0,0,0,0,0,0,0,0,0,0,0,0,0,0,0,0,0,0,12,7,0,0,60,15,2,0,0,0,0,0,0,6,4,3,0,3,1,0,0,1,0,0,0,0,0,0,0,1,0,0,0,12,1,0,0,0,0,0,0,0,0,1
2012,obama0626a.txt,Democrat,19,13,0,0,0,1,1,1,0,0,0,0,0,0,0,0,0,0,0,0,0,0,0,0,0,0,0,0,0,0,0,0,0,8,7,0,0,47,6,10,1,4,0,0,0,0,13,9,3,0,1,0,0,0,1,0,0,0,0,0,0,0,0,0,0,0,19,0,1,0,0,0,0,0,0,0,1
2012,obama0705a.txt,Democrat,34,8,0,1,0,1,0,0,0,0,0,0,0,0,0,0,0,2,0,0,0,0,0,0,0,0,0,0,0,0,0,0,0,29,14,1,0,100,12,3,0,8,0,0,0,0,11,7,6,0,6,4,1,1,1,0,0,0,0,0,0,0,0,0,0,0,25,1,0,0,0,0,0,0,0,0,1
2012,obama0705c.txt,Democrat,23,18,0,0,1,1,0,0,1,0,0,0,0,0,0,0,0,0,0,0,0,1,0,0,0,0,0,0,0,0,0,0,0,15,10,0,0,61,21,0,5,0,0,0,0,0,14,4,4,1,2,0,0,0,0,0,0,0,0,0,0,0,0,0,0,0,26,0,2,0,0,0,0,0,0,0,1
2012,obama0706b.txt,Democrat,35,11,0,0,0,1,0,0,0,0,0,0,0,0,0,0,0,0,0,0,0,0,0,0,0,0,0,0,0,0,0,0,0,31,7,1,0,89,20,7,3,0,0,0,0,0,13,8,8,0,5,1,0,0,0,0,0,0,0,0,0,0,0,0,0,0,29,1,0,0,0,0,0,0,0,0,1
2012,obama0713a.txt,Democrat,29,16,0,2,2,1,0,0,0,0,0,0,0,0,0,0,0,0,0,0,0,0,0,0,0,0,0,0,0,0,0,0,0,22,12,1,0,65,18,4,3,11,0,0,0,0,14,12,2,1,1,0,2,0,0,0,0,0,0,0,0,0,0,0,0,0,18,0,4,0,0,0,0,0,0,0,1
2012,obama0713c.txt,Democrat,25,18,0,0,1,0,0,0,0,0,0,0,0,0,0,0,0,0,0,0,0,0,0,0,0,0,0,0,1,0,0,0,0,30,26,1,0,97,21,11,0,3,0,0,0,0,31,11,4,1,4,0,1,0,0,0,0,0,0,0,0,0,0,0,0,0,29,2,1,0,0,0,0,2,0,0,1
2012,obama0714b.txt,Democrat,25,17,0,1,0,1,0,0,0,0,0,0,0,0,0,0,0,0,0,0,0,0,0,0,0,0,0,0,1,0,0,0,0,23,11,1,0,68,10,9,0,13,0,0,0,0,11,6,1,0,1,0,2,0,0,0,0,0,0,0,0,0,0,0,0,0,21,0,1,0,0,0,0,0,0,0,1
2012,obama0717c.txt,Democrat,21,22,0,0,1,0,1,0,0,0,0,0,0,0,0,0,0,0,0,0,0,0,0,0,0,0,0,0,1,0,0,0,0,23,24,1,0,89,7,6,0,14,0,0,0,0,9,6,2,0,3,2,2,0,0,0,0,0,0,0,0,0,0,0,0,0,24,0,1,1,0,0,0,0,0,0,1
2012,obama0719a.txt,Democrat,24,13,0,2,0,0,0,0,0,0,0,0,0,0,0,0,0,0,0,0,0,0,0,0,0,0,0,0,1,0,0,0,0,19,12,1,1,55,10,5,0,18,0,0,0,1,7,4,1,0,2,0,1,0,0,0,0,0,0,0,0,0,0,0,0,0,13,1,1,0,0,0,0,1,0,0,1
2012,obama0723a.txt,Democrat,27,9,0,1,0,1,0,0,0,0,0,0,0,0,0,0,0,0,0,0,0,0,0,0,0,0,0,0,0,0,0,0,0,26,12,3,1,72,14,8,1,15,0,0,0,0,12,8,4,1,0,1,2,2,0,0,0,0,0,0,0,0,0,0,0,0,18,1,1,0,0,0,0,1,0,0,1
2012,obama0724a.txt,Democrat,35,15,0,1,0,2,1,0,0,0,0,0,0,0,0,0,0,0,0,0,0,0,0,0,0,0,0,0,0,0,0,0,0,22,18,2,0,78,20,8,0,14,1,0,0,0,18,5,2,2,2,2,2,1,0,0,0,0,0,0,0,0,0,0,0,0,26,0,0,0,0,0,0,1,0,0,1
2012,obama0727.txt,Democrat,28,9,0,0,1,0,1,0,0,0,0,0,0,0,0,0,0,0,0,0,0,0,1,0,0,0,0,0,1,0,0,0,0,20,10,0,1,70,9,4,1,12,0,0,0,1,13,2,2,1,0,1,1,1,0,0,0,0,0,0,0,0,0,0,0,0,24,0,0,0,0,0,0,1,0,0,1
2012,obama0801b.txt,Democrat,10,13,0,0,1,1,0,0,0,0,0,0,0,0,0,0,0,0,0,0,0,0,0,0,0,0,0,0,0,0,0,0,0,9,6,0,0,29,7,3,1,0,0,0,0,0,6,3,2,1,0,2,2,0,0,0,0,0,0,0,0,0,0,0,0,0,13,0,1,0,0,0,0,0,0,0,1
2012,obama0802b.txt,Democrat,13,13,0,1,1,1,0,0,0,0,0,0,0,0,0,0,0,0,0,0,0,0,0,0,0,0,0,0,0,0,0,0,0,4,11,0,0,30,9,3,0,0,0,0,0,0,7,4,5,1,1,2,1,0,0,0,0,0,0,0,0,0,0,0,0,0,15,0,0,0,0,0,0,0,0,0,1
2012,obama0806a.txt,Democrat,16,21,0,0,1,0,0,0,0,0,0,0,0,0,0,0,0,0,0,0,0,0,0,0,0,0,0,0,0,0,0,0,0,3,8,0,0,53,8,4,0,1,0,0,0,0,10,7,5,0,1,0,1,0,0,0,0,0,0,0,0,0,0,0,0,0,16,1,2,0,0,0,0,1,0,0,1
2012,obama0808a.txt,Democrat,7,14,0,3,1,0,0,3,0,0,0,0,0,0,0,0,0,0,0,0,0,0,1,0,0,0,1,0,0,0,0,0,0,12,7,1,1,38,5,3,1,0,0,0,0,0,2,6,2,0,0,0,2,0,0,0,0,0,0,0,0,0,0,0,0,0,17,3,0,0,0,0,0,1,0,0,1
2012,obama0809a.txt,Democrat,15,17,0,1,1,1,0,0,0,0,0,0,0,0,0,0,0,0,0,0,0,0,0,0,0,0,0,0,0,0,0,0,0,6,14,0,0,31,12,9,1,1,0,0,0,0,11,5,4,1,2,2,2,0,0,0,0,0,0,0,0,0,0,0,0,0,23,0,0,0,0,0,0,0,0,0,1
2012,obama0812b.txt,Democrat,19,14,0,1,1,0,0,0,0,0,0,0,0,0,0,0,0,0,0,0,0,0,1,0,0,0,0,0,0,0,0,0,0,5,8,1,0,55,8,1,0,2,0,0,0,0,20,3,7,1,1,0,1,0,0,0,0,0,0,0,0,0,0,0,0,0,21,0,2,0,0,0,0,2,0,0,1
2012,obama0813a.txt,Democrat,23,17,0,1,0,1,0,0,0,0,0,0,0,0,0,0,0,0,0,0,0,0,0,0,0,0,0,0,0,0,0,0,0,9,15,1,1,65,13,12,2,2,0,0,0,0,14,5,3,2,3,1,1,0,0,0,0,0,0,0,0,0,0,0,0,0,18,1,2,0,0,0,0,1,0,0,1
2012,obama0814a.txt,Democrat,24,14,0,0,0,1,0,0,0,0,0,0,0,0,0,0,0,0,0,0,0,0,0,0,0,0,0,0,0,0,0,0,0,6,15,0,0,67,17,4,0,0,0,0,0,0,14,7,3,0,1,0,1,3,0,0,0,0,0,0,0,0,0,0,0,0,30,1,2,0,0,0,0,1,0,0,1
2012,obama0815.txt,Democrat,19,15,0,0,0,0,1,0,0,0,0,0,0,0,0,0,0,0,0,0,0,0,0,0,0,0,0,0,0,0,0,0,0,10,16,0,3,55,5,13,2,2,0,0,0,0,11,3,5,0,2,0,2,0,1,0,0,0,0,0,0,0,0,0,0,0,20,3,0,0,0,0,0,0,0,0,1
2012,obama0818.txt,Democrat,19,9,0,0,1,0,0,0,0,0,0,0,0,0,0,0,0,0,0,0,0,0,0,0,0,0,0,0,0,0,0,0,0,9,12,0,0,32,8,9,0,0,0,0,0,0,12,5,1,0,2,0,2,0,0,0,0,0,0,0,0,0,0,0,0,0,19,1,1,0,0,0,0,0,0,0,1
2012,obama0822.txt,Democrat,17,8,0,0,0,2,0,0,0,0,0,0,0,0,0,0,0,0,0,0,0,0,0,0,0,0,0,0,0,0,0,0,0,8,4,1,0,23,9,0,0,1,0,0,0,0,11,3,4,4,0,2,0,0,0,0,0,0,0,0,0,0,0,1,0,0,11,0,0,0,0,0,0,0,0,0,1
2012,obama0828.txt,Democrat,15,16,0,0,0,1,1,0,0,0,0,0,0,0,0,0,0,0,0,0,0,0,0,0,0,0,0,0,0,0,0,0,0,8,8,0,0,32,17,6,1,0,0,0,0,0,8,5,2,1,1,0,1,1,0,0,0,0,0,0,0,0,0,0,0,0,23,1,1,0,0,0,0,0,0,0,1
2012,obama0829.txt,Democrat,26,14,0,0,0,0,0,0,0,0,0,0,0,0,0,0,0,0,0,0,0,0,0,0,0,0,0,0,0,0,0,0,0,9,13,0,0,50,6,3,1,0,0,0,0,0,10,7,1,1,1,0,2,1,1,0,0,0,0,0,0,0,0,0,0,0,23,0,0,0,0,0,0,0,0,0,1
2012,obama0901a.txt,Democrat,6,13,0,0,0,0,0,0,0,0,0,0,0,0,0,0,0,0,0,0,0,0,0,0,0,0,0,0,0,0,0,0,0,7,10,0,0,30,9,2,0,0,0,0,0,0,19,4,1,3,1,1,0,0,0,0,0,0,0,0,0,0,0,0,0,0,25,0,0,0,0,0,0,0,0,0,1
2012,obama0903.txt,Democrat,12,10,0,0,0,0,0,0,0,0,0,0,0,0,0,0,0,0,0,0,0,0,0,0,1,0,0,0,0,0,0,0,0,7,6,0,1,37,12,5,1,0,0,0,0,0,12,8,1,1,1,1,3,0,0,0,0,0,0,0,0,0,0,0,0,0,16,0,1,0,0,0,0,0,0,0,1
2012,obama0907.txt,Democrat,19,23,0,2,0,0,0,0,0,0,0,0,0,0,0,0,0,0,0,0,0,0,0,0,0,0,0,0,0,0,0,0,0,7,11,0,0,64,11,9,0,0,0,0,0,0,10,6,2,1,4,0,1,0,0,0,0,0,0,0,0,0,0,0,0,0,27,1,0,0,0,0,0,1,0,0,1
2012,obama0909.txt,Democrat,26,23,0,2,0,0,0,0,0,0,0,0,0,0,0,0,0,0,0,0,0,0,0,0,0,0,1,0,0,0,0,0,0,9,14,0,0,59,12,9,1,0,0,0,0,0,7,4,5,3,5,0,1,0,0,0,0,0,0,0,0,0,0,0,0,0,20,1,0,0,0,0,0,1,0,0,1
2012,obama0912.txt,Democrat,21,17,0,2,1,0,0,0,0,0,0,0,0,0,0,0,0,0,0,0,0,0,0,0,0,0,0,0,0,0,0,0,0,8,15,0,0,42,12,6,0,0,0,0,0,0,3,5,2,1,5,1,0,0,0,0,0,0,0,0,0,0,0,0,0,0,19,1,1,0,0,0,0,0,0,0,1
2012,obama0917.txt,Democrat,29,19,0,3,0,0,0,0,0,0,0,0,0,0,0,0,0,0,0,0,0,1,0,0,0,0,1,0,0,0,0,0,0,8,14,0,0,37,13,8,1,0,0,0,0,0,8,4,4,1,2,0,7,1,0,0,0,0,0,0,0,0,1,0,0,0,31,2,0,0,0,0,0,0,0,0,1
2012,obama0921.txt,Democrat,23,20,0,2,1,1,0,0,0,0,0,0,0,0,0,0,0,0,0,0,0,0,0,0,0,0,0,0,0,0,0,0,0,9,10,0,0,60,17,5,3,0,0,0,0,0,9,3,1,0,0,1,0,0,0,0,0,0,0,0,0,0,0,0,0,0,12,1,1,0,0,0,0,0,0,0,1
2012,obama0922b.txt,Democrat,22,20,0,1,2,0,0,0,0,0,0,0,0,0,0,0,0,0,0,0,0,0,0,0,0,0,0,0,0,0,0,0,0,8,12,0,0,65,15,9,3,0,0,0,0,0,7,4,3,0,2,0,0,0,0,0,0,0,0,0,0,0,0,0,0,0,14,0,0,0,0,0,0,1,0,0,1
2012,obama0926b.txt,Democrat,25,33,0,1,1,0,1,0,0,0,0,0,0,0,0,0,0,0,0,0,0,0,0,0,0,0,0,0,0,0,0,0,0,12,20,0,0,69,23,8,0,2,0,0,0,0,12,8,7,2,0,1,1,0,0,0,0,0,0,0,0,0,0,0,0,0,33,0,0,0,0,0,0,0,0,0,1
2012,obama0930.txt,Democrat,17,31,0,2,0,0,0,0,0,0,0,0,0,0,0,0,0,0,0,0,0,0,0,0,0,0,0,0,0,0,0,0,0,13,12,0,0,61,23,4,0,1,0,0,0,0,5,3,2,0,0,0,0,0,0,0,0,0,0,0,0,0,0,0,0,0,36,0,0,0,0,0,0,0,0,0,1
2012,obama1003debate1o.txt,Democrat,59,17,0,2,0,0,0,0,0,0,0,0,0,0,0,0,0,0,0,0,0,0,0,0,0,0,0,0,1,0,0,0,0,16,17,1,0,91,7,12,2,2,0,0,0,1,11,12,6,1,3,1,1,0,0,0,0,0,0,0,0,0,0,0,0,0,38,3,1,0,0,0,0,0,0,0,1
2012,obama1004.txt,Democrat,21,23,0,1,0,0,0,0,0,0,0,0,0,0,0,0,0,0,0,0,0,0,0,0,0,0,0,0,0,0,0,0,0,1,9,0,0,41,18,6,1,1,0,0,0,0,9,2,2,2,2,0,0,0,0,0,0,0,0,0,0,0,0,0,1,0,15,0,0,0,0,0,0,0,0,0,1
2012,obama1005.txt,Democrat,16,28,0,4,0,0,0,0,0,0,0,0,0,0,0,0,0,0,0,0,0,0,1,0,0,0,0,0,0,0,0,0,0,8,9,0,0,39,6,3,4,1,0,0,0,0,4,5,1,0,2,1,0,0,0,0,0,0,0,0,0,0,0,0,0,0,13,0,0,0,0,0,0,0,0,0,1
2012,obama1008.txt,Democrat,17,27,0,0,1,0,0,0,0,0,0,0,0,0,0,0,0,0,0,0,0,0,0,0,0,0,0,0,1,0,0,0,0,6,6,0,0,46,21,3,3,2,0,0,0,0,5,6,2,0,1,1,0,0,0,0,0,0,0,0,0,0,0,0,0,0,13,1,1,0,0,0,0,0,0,0,1
2012,obama1011.txt,Democrat,9,13,0,0,1,0,0,0,0,0,0,0,0,0,0,0,0,0,0,0,0,0,0,0,0,0,0,0,1,0,0,0,0,4,11,0,0,34,9,2,1,1,0,0,0,0,10,3,4,0,1,1,0,0,0,0,0,0,0,0,0,0,0,0,0,0,11,0,1,0,0,0,0,0,0,0,1
2012,obama1016debate2o.txt,Democrat,58,16,0,1,0,0,1,0,0,0,0,0,0,0,0,0,0,0,0,0,0,0,0,0,0,0,0,0,1,0,0,0,0,21,7,0,0,120,27,23,2,4,0,0,0,1,14,7,6,2,4,0,1,0,0,0,0,0,0,0,0,0,0,0,0,0,57,3,0,0,0,0,0,1,0,0,1
2012,obama1017a.txt,Democrat,15,23,0,1,1,0,0,0,0,0,0,0,0,0,0,0,0,0,0,0,0,0,0,0,0,0,0,0,1,0,0,0,0,8,6,0,0,56,17,8,0,0,0,0,0,0,11,2,5,0,3,0,0,0,0,0,0,0,0,0,0,0,0,0,0,0,18,0,0,0,1,0,0,1,0,0,1
2012,obama1019.txt,Democrat,14,14,0,1,0,0,0,0,0,0,0,0,0,0,0,0,0,0,0,0,0,0,1,0,0,0,0,0,0,0,0,0,0,3,7,0,0,40,5,2,0,0,0,0,0,0,5,5,1,0,0,0,0,0,0,0,0,0,0,0,0,0,0,0,0,0,10,0,0,0,0,0,0,0,0,0,1
2012,obama1022debate3.txt,Democrat,56,11,0,2,1,1,0,1,0,0,0,0,0,0,0,0,0,0,0,0,0,1,0,0,0,0,1,0,0,0,0,0,0,12,12,1,0,107,0,0,0,0,0,0,0,0,8,15,6,3,3,1,0,0,0,0,0,0,0,0,0,0,0,0,0,0,43,6,3,1,4,0,0,0,0,0,1
2012,obama1023a.txt,Democrat,20,10,0,2,0,0,0,0,0,0,0,0,0,0,0,0,0,0,0,0,0,0,0,0,0,0,0,0,0,0,0,0,0,15,12,0,0,55,9,2,3,0,1,0,0,0,13,3,3,0,2,0,3,0,0,0,0,0,0,0,0,0,0,0,0,0,6,2,0,0,0,0,0,0,0,0,1
2012,obama1024a.txt,Democrat,11,12,0,2,0,0,1,0,0,0,0,0,0,0,0,0,0,0,0,0,0,0,0,0,0,0,0,0,0,0,0,0,0,4,8,0,0,44,7,5,2,1,0,0,0,0,8,4,3,0,0,0,0,0,0,0,0,0,0,0,0,0,0,0,0,0,18,0,0,0,0,0,0,0,0,0,1
2012,obama1024b.txt,Democrat,13,4,0,0,0,0,0,0,0,0,0,0,0,0,0,0,0,0,0,0,0,0,0,0,0,0,0,0,0,0,0,0,0,6,11,0,0,37,9,7,2,0,0,0,0,1,12,1,3,0,1,1,0,0,0,0,0,0,0,0,0,0,0,0,0,0,13,0,0,0,0,0,0,0,0,0,1
2012,obama1025.txt,Democrat,13,12,0,0,0,0,0,0,0,0,0,0,0,0,0,0,0,0,0,0,0,0,0,0,0,0,0,0,0,0,0,0,0,6,9,0,1,47,15,5,1,1,0,0,0,1,9,4,5,0,0,0,1,0,0,0,0,0,0,0,0,0,0,0,0,0,12,0,0,0,0,0,0,1,0,0,1
2012,obama1025a.txt,Democrat,12,7,0,0,0,0,2,0,0,0,0,0,0,0,0,0,0,0,0,0,0,0,0,0,0,0,0,0,0,0,0,0,0,5,9,0,0,48,13,5,1,1,0,0,0,0,10,1,6,0,1,0,0,0,0,0,0,0,0,0,0,0,0,0,0,0,13,0,1,0,0,0,0,1,0,0,1
2012,obama1025b.txt,Democrat,13,15,0,1,0,0,0,0,1,0,1,0,0,0,0,0,0,0,0,0,0,0,0,0,0,0,0,0,0,0,0,0,0,9,10,0,0,69,19,9,2,2,0,0,0,0,11,4,11,0,0,1,3,0,0,0,0,0,0,0,0,0,0,0,0,0,19,0,0,0,0,0,0,1,0,0,1
2012,obama1027.txt,Democrat,12,10,0,0,0,0,0,0,0,0,0,0,0,0,0,0,0,0,0,0,0,0,0,0,0,0,0,0,0,0,0,0,0,3,8,0,0,38,7,2,0,1,0,0,0,0,9,2,4,0,2,1,1,0,0,0,0,0,0,0,0,0,0,0,0,0,7,1,0,0,0,0,0,0,0,0,1
2012,obama1101.txt,Democrat,19,26,0,2,0,0,0,0,0,0,0,0,0,0,0,0,0,0,0,0,0,0,0,0,1,0,1,0,0,0,0,0,0,7,11,0,0,33,9,5,3,0,0,0,0,0,4,1,3,0,1,0,0,0,1,0,0,0,0,0,0,0,0,0,0,0,2,0,0,0,1,0,0,3,0,0,1
2012,obama1102.txt,Democrat,21,23,0,3,0,0,0,1,0,0,0,0,0,0,0,0,0,0,0,0,0,0,0,0,0,0,1,0,0,0,0,0,0,6,17,0,0,54,10,6,0,1,0,0,0,0,9,0,3,0,1,1,1,0,0,0,0,0,0,0,0,0,0,0,0,0,13,0,0,0,0,0,0,3,0,0,1
2012,obama1102b.txt,Democrat,17,17,0,2,0,0,1,0,0,0,0,0,0,0,0,0,0,0,0,0,0,0,0,0,0,0,1,0,0,0,0,0,0,4,13,0,0,54,21,2,2,0,0,0,0,0,7,0,3,0,2,3,1,0,0,0,0,0,0,0,0,0,0,0,0,0,24,1,0,0,0,0,0,2,0,0,1
2012,obama1103b.txt,Democrat,18,17,0,1,0,0,0,0,0,0,0,0,0,0,0,0,0,0,0,0,0,0,0,0,1,0,1,0,0,0,0,0,0,7,17,0,0,45,15,5,2,4,0,0,0,0,4,1,1,0,1,2,1,0,0,0,0,0,0,0,0,0,0,0,0,0,8,0,0,0,0,0,0,3,0,0,1
2012,obama1104.txt,Democrat,21,21,0,1,0,0,1,1,0,0,0,0,0,0,0,0,0,0,0,0,0,0,0,0,0,0,0,0,0,0,0,0,0,3,13,0,0,35,8,6,1,0,0,0,0,0,5,0,2,0,1,2,3,0,0,1,0,0,0,0,0,0,0,0,0,0,8,0,1,0,0,0,0,3,0,0,1
2012,obama1105.txt,Democrat,30,24,0,1,0,1,0,2,0,0,0,1,0,0,0,0,0,0,0,0,0,0,0,0,0,0,0,0,0,0,0,0,0,26,28,1,0,96,33,9,3,4,0,0,0,0,21,3,5,1,2,1,2,5,0,0,0,0,0,0,0,0,0,0,1,0,10,1,1,0,1,0,0,7,0,0,1
2012,obama1106.txt,Democrat,13,28,0,1,0,0,0,1,0,0,0,0,0,0,0,0,0,0,0,0,0,1,0,0,0,0,0,0,0,0,0,0,1,2,4,0,0,36,0,0,0,0,2,0,0,0,4,0,2,1,2,0,0,0,1,1,0,0,0,0,0,0,0,0,0,0,1,0,0,0,0,0,0,0,0,0,1
2012,romney120508.txt,Republican,11,4,1,0,0,0,0,0,0,0,1,0,0,0,0,0,0,0,0,0,0,0,0,0,0,0,0,0,0,0,0,0,0,6,3,0,0,23,0,4,0,0,1,0,0,0,0,3,1,0,0,0,0,0,0,0,0,0,0,0,0,0,0,0,0,0,1,0,0,0,0,0,0,0,0,0,0
2012,romney120512.txt,Republican,18,7,0,2,0,0,0,0,0,1,0,0,0,0,0,0,0,0,0,0,0,1,0,0,0,0,0,0,0,1,0,0,0,12,7,1,1,22,1,2,0,0,2,1,0,0,1,2,0,1,0,0,2,0,0,1,0,0,0,0,0,0,0,0,0,0,0,0,0,0,0,0,0,0,0,0,0
2012,romney120515.txt,Republican,6,10,0,1,0,0,0,0,0,1,0,0,0,0,0,0,0,0,0,0,0,0,0,0,0,0,0,0,0,0,0,0,0,5,1,0,0,14,1,1,0,0,1,0,0,0,5,1,2,4,1,1,0,0,0,0,0,0,0,0,0,0,0,0,0,0,3,1,1,0,0,0,0,0,0,0,0
2012,romney120518.txt,Republican,3,0,0,0,0,0,0,0,0,0,0,0,0,0,0,0,0,0,0,0,0,1,1,0,0,0,0,0,0,0,0,0,0,0,0,0,0,3,0,0,0,0,0,0,0,0,0,0,0,0,0,0,0,0,0,0,0,0,0,0,0,0,0,0,0,0,0,0,0,0,0,0,0,0,0,0,0
2012,romney120523.txt,Republican,17,11,0,2,1,0,0,0,0,0,0,0,0,0,0,0,0,0,0,0,0,0,0,0,0,0,1,0,0,0,0,0,0,4,2,0,1,29,0,3,5,5,1,0,0,0,2,4,1,1,0,1,0,0,0,0,0,0,0,0,0,0,1,0,0,0,2,0,0,0,0,0,0,1,0,0,0
2012,romney120607.txt,Republican,8,8,0,0,0,0,0,0,0,0,0,0,0,0,0,0,0,0,0,0,0,0,1,0,0,0,0,0,0,0,0,0,0,3,0,0,0,17,0,2,0,0,0,0,0,1,1,0,1,1,0,1,1,0,0,0,0,0,0,0,0,0,0,0,0,0,0,0,0,0,0,1,0,0,0,0,0
2012,romney120615.txt,Republican,12,4,0,2,0,0,0,0,0,0,1,0,0,0,0,0,0,0,0,0,0,0,0,0,0,0,1,0,0,0,0,0,0,3,3,0,0,20,0,1,0,1,0,0,0,0,3,4,1,0,0,1,2,0,0,1,0,0,0,0,0,0,0,0,0,0,3,2,0,0,0,0,0,0,0,0,0
2012,romney120621.txt,Republican,12,4,0,1,0,0,0,0,1,0,0,0,0,0,0,0,0,0,0,0,0,1,0,0,0,0,0,0,0,0,0,0,0,10,5,0,0,25,0,2,0,0,0,0,0,0,0,0,1,3,0,0,0,1,1,0,0,0,0,0,0,0,0,1,0,0,0,2,0,0,0,0,0,1,0,0,0
2012,romney120628.txt,Republican,0,2,0,0,0,0,0,0,0,0,0,0,0,0,0,0,0,0,0,0,0,0,0,0,0,0,0,0,0,0,0,0,0,3,3,0,0,5,1,0,0,0,0,0,0,0,0,0,0,0,0,0,0,0,0,0,0,0,0,0,0,0,0,0,0,0,1,0,0,0,0,0,0,0,0,0,0
2012,romney120711.txt,Republican,12,8,0,1,1,0,0,0,1,0,0,0,0,0,0,0,0,0,0,0,0,0,1,0,0,0,0,0,0,0,0,0,0,20,7,0,0,64,4,1,2,0,0,0,0,0,1,3,2,1,1,0,0,0,0,0,0,0,0,0,0,0,0,0,0,0,1,0,1,0,0,0,0,1,0,0,0
2012,romney120724.txt,Republican,11,10,0,1,1,0,0,1,0,0,0,0,0,0,0,0,0,0,0,0,0,1,0,0,1,0,2,0,0,0,0,0,0,6,2,0,2,31,1,0,2,0,0,1,0,0,1,3,2,2,0,0,0,0,0,0,0,0,0,0,0,0,1,0,0,0,1,0,0,0,0,0,0,0,0,0,0
2012,romney120729.txt,Republican,10,10,0,2,0,0,0,0,0,0,1,0,0,0,0,0,0,0,0,0,0,0,2,1,0,0,0,0,0,0,0,0,0,7,1,0,0,10,0,0,0,0,0,0,0,0,0,2,3,1,0,0,1,0,1,0,1,0,0,0,0,0,0,0,0,0,0,0,0,0,0,0,0,0,0,0,0
2012,romney120731.txt,Republican,8,5,0,1,0,0,0,0,1,0,0,0,1,0,0,0,0,0,0,0,0,0,0,0,0,0,0,0,0,0,0,0,0,3,1,0,1,7,0,0,0,0,1,0,0,0,0,0,2,0,0,0,0,0,0,0,0,0,0,0,0,0,1,0,0,0,0,0,0,0,0,0,0,0,0,0,0
2012,romney120811.txt,Republican,3,0,0,0,0,0,0,0,0,0,0,0,0,0,0,0,0,0,0,0,0,0,0,0,0,0,0,0,0,0,0,0,0,1,1,0,0,2,0,0,0,0,1,0,0,0,0,3,0,2,1,0,0,0,0,0,0,0,0,0,0,0,0,0,0,0,2,1,1,0,0,0,0,0,0,0,0
2012,romney120814.txt,Republican,6,2,0,0,0,0,0,0,0,0,0,0,0,0,0,0,0,0,0,0,0,0,0,0,0,0,0,1,0,0,0,0,0,3,2,0,0,19,0,2,1,1,0,0,0,0,3,1,0,3,0,2,0,0,0,0,1,0,0,0,0,0,0,0,0,0,2,3,0,0,0,0,0,0,0,0,0
2012,romney120911.txt,Republican,8,5,0,0,0,0,0,1,0,0,0,0,0,0,0,0,0,0,0,0,0,2,0,0,2,0,3,2,0,0,0,0,0,8,4,1,0,47,0,0,0,1,0,0,0,0,1,1,0,3,0,0,0,0,0,0,0,0,0,0,0,0,0,0,0,0,0,1,0,0,0,0,0,0,0,0,0
2012,romney120911b.txt,Republican,1,0,0,0,0,0,0,0,0,0,0,0,0,0,0,0,0,0,0,0,0,0,0,0,1,0,0,0,0,0,0,0,0,1,0,0,0,3,0,0,0,0,0,0,0,0,0,0,0,1,0,0,0,0,0,0,0,0,0,0,0,0,0,0,0,0,0,0,0,0,0,0,0,0,0,0,0
2012,romney120912.txt,Republican,4,1,0,0,0,0,0,1,0,0,0,0,0,0,0,0,0,0,0,0,0,0,0,0,2,0,0,0,0,0,0,0,0,3,1,0,0,16,3,1,0,0,0,0,0,0,0,4,0,1,0,0,0,0,0,0,0,0,0,0,0,0,0,0,0,0,2,0,0,0,0,0,0,0,0,0,0
2012,romney120925.txt,Republican,19,6,1,0,0,0,0,0,0,0,0,0,0,0,0,0,0,0,0,0,0,0,0,0,0,0,0,2,0,0,0,0,1,2,4,1,0,28,2,5,4,0,2,1,0,0,1,0,2,2,0,0,0,0,0,0,2,0,0,0,0,0,0,0,0,0,1,0,1,0,0,0,0,0,0,0,0
2012,romney121003debate1r.txt,Republican,54,18,1,3,0,0,3,0,0,0,0,0,0,0,0,0,0,0,0,0,0,0,0,0,0,0,0,0,0,0,0,0,0,47,13,1,0,152,31,13,17,9,4,0,0,2,15,16,17,1,1,2,0,0,2,0,0,0,0,0,0,0,0,0,0,0,53,7,3,0,0,0,0,2,0,0,0
2012,romney121016debate2r.txt,Republican,30,20,0,5,0,0,1,1,0,0,0,0,0,0,0,0,0,0,0,0,0,1,0,0,0,0,3,0,0,0,0,0,0,38,18,0,1,175,28,8,12,4,3,0,0,1,15,9,9,0,0,0,0,1,1,0,0,0,0,0,0,0,0,0,0,0,56,7,6,0,0,0,0,1,0,0,0
2012,romney121022debate3.txt,Republican,57,12,0,1,1,0,0,1,1,0,0,0,0,0,0,0,0,0,0,0,0,4,0,0,0,0,2,1,0,0,0,0,0,11,19,1,1,198,0,0,0,0,1,1,0,2,20,18,24,4,4,6,3,0,1,3,0,0,0,0,0,0,0,0,1,0,54,3,0,0,0,0,0,0,0,0,0
2012,romney121107.txt,Republican,5,0,0,0,0,0,0,0,0,0,0,0,0,0,0,0,0,0,0,0,0,0,0,0,0,0,0,0,0,0,0,0,0,4,2,0,0,18,1,1,0,0,0,0,1,0,0,0,5,1,0,0,0,0,0,0,0,0,0,0,0,0,0,0,0,0,0,1,0,0,0,0,0,0,0,0,0
